time,ego_speed,acceleration_cmd,mode,distance_error,distance,ttc
0.0,0.0,3.0,cruise,,,
0.1,0.3,3.0,cruise,,,
0.2,0.599998,3.0,cruise,,,
0.3,0.899991,3.0,cruise,,,
0.4,1.199975,3.0,cruise,,,
0.5,1.499946,3.0,cruise,,,
0.6,1.799901,3.0,cruise,,,
0.7,2.099836,3.0,cruise,,,
0.8,2.399748,3.0,cruise,,,
0.9,2.699633,3.0,cruise,,,
1.0,2.999487,3.0,cruise,,,
1.1,3.299307,3.0,cruise,,,
1.2,3.599089,3.0,cruise,,,
1.3,3.89883,3.0,cruise,,,
1.4,4.198526,3.0,cruise,,,
1.5,4.498174,3.0,cruise,,,
1.6,4.797769,3.0,cruise,,,
1.7,5.097309,3.0,cruise,,,
1.8,5.396789,3.0,cruise,,,
1.9,5.696207,3.0,cruise,,,
2.0,5.995558,3.0,cruise,,,
2.1,6.294839,3.0,cruise,,,
2.2,6.594046,3.0,cruise,,,
2.3,6.893177,3.0,cruise,,,
2.4,7.192226,3.0,cruise,,,
2.5,7.491192,3.0,cruise,,,
2.6,7.790069,3.0,cruise,,,
2.7,8.088856,3.0,cruise,,,
2.8,8.387547,3.0,cruise,,,
2.9,8.68614,3.0,cruise,,,
3.0,8.984631,3.0,cruise,,,
3.1,9.283017,3.0,cruise,,,
3.2,9.581293,3.0,cruise,,,
3.3,9.879457,3.0,cruise,,,
3.4,10.177505,3.0,cruise,,,
3.5,10.475433,3.0,cruise,,,
3.6,10.773239,3.0,cruise,,,
3.7,11.070917,3.0,cruise,,,
3.8,11.368466,3.0,cruise,,,
3.9,11.665881,3.0,cruise,,,
4.0,11.963159,3.0,cruise,,,
4.1,12.260297,3.0,cruise,,,
4.2,12.557291,3.0,cruise,,,
4.3,12.854137,3.0,cruise,,,
4.4,13.150833,3.0,cruise,,,
4.5,13.447374,3.0,cruise,,,
4.6,13.743757,3.0,cruise,,,
4.7,14.039979,3.0,cruise,,,
4.8,14.336037,3.0,cruise,,,
4.9,14.631926,3.0,cruise,,,
5.0,14.927644,3.0,cruise,,,
5.1,15.223188,3.0,cruise,,,
5.2,15.518553,3.0,cruise,,,
5.3,15.813736,3.0,cruise,,,
5.4,16.108735,3.0,cruise,,,
5.5,16.403545,3.0,cruise,,,
5.6,16.698163,3.0,cruise,,,
5.7,16.992587,3.0,cruise,,,
5.8,17.286812,3.0,cruise,,,
5.9,17.580835,3.0,cruise,,,
6.0,17.874654,3.0,cruise,,,
6.1,18.168263,3.0,cruise,,,
6.2,18.461662,3.0,cruise,,,
6.3,18.754845,3.0,cruise,,,
6.4,19.04781,3.0,cruise,,,
6.5,19.340554,3.0,cruise,,,
6.6,19.633073,3.0,cruise,,,
6.7,19.925364,3.0,cruise,,,
6.8,20.217423,3.0,cruise,,,
6.9,20.509248,3.0,cruise,,,
7.0,20.800836,3.0,cruise,,,
7.1,21.092182,3.0,cruise,,,
7.2,21.383285,3.0,cruise,,,
7.3,21.67414,3.0,cruise,,,
7.4,21.964744,3.0,cruise,,,
7.5,22.255095,3.0,cruise,,,
7.6,22.54519,3.0,cruise,,,
7.7,22.835024,3.0,cruise,,,
7.8,23.124595,3.0,cruise,,,
7.9,23.4139,3.0,cruise,,,
8.0,23.702936,3.0,cruise,,,
8.1,23.991699,3.0,cruise,,,
8.2,24.280187,3.0,cruise,,,
8.3,24.568397,3.0,cruise,,,
8.4,24.856325,3.0,cruise,,,
8.5,25.143968,3.0,cruise,,,
8.6,25.431324,3.0,cruise,,,
8.7,25.718388,3.0,cruise,,,
8.8,26.00516,3.0,cruise,,,
8.9,26.291634,3.0,cruise,,,
9.0,26.577809,3.0,cruise,,,
9.1,26.863682,3.0,cruise,,,
9.2,27.149249,3.0,cruise,,,
9.3,27.434507,3.0,cruise,,,
9.4,27.719454,3.0,cruise,,,
9.5,28.004087,3.0,cruise,,,
9.6,28.288402,3.0,cruise,,,
9.7,28.572397,3.0,cruise,,,
9.8,28.85607,3.0,cruise,,,
9.9,29.139416,2.746929,cruise,,,
10.0,29.397127,1.19856,cruise,,,
10.1,29.499699,3.0,cruise,,,
10.2,29.782295,-2.379753,cruise,,,
10.3,29.52658,3.0,cruise,,,
10.4,29.809143,-2.593243,cruise,,,
10.5,29.532047,3.0,cruise,,,
10.6,29.814604,-2.63615,cruise,,,
10.7,29.533211,3.0,cruise,,,
10.8,29.815767,-2.644772,cruise,,,
10.9,29.53351,3.0,cruise,,,
11.0,29.816066,-2.646504,cruise,,,
11.1,29.533635,3.0,cruise,,,
11.2,29.816191,-2.64685,cruise,,,
11.3,29.533726,3.0,cruise,,,
11.4,29.816281,-2.646919,cruise,,,
11.5,29.533809,3.0,cruise,,,
11.6,29.816364,-2.646931,cruise,,,
11.7,29.53389,3.0,cruise,,,
11.8,29.816445,-2.646932,cruise,,,
11.9,29.533972,3.0,cruise,,,
12.0,29.816527,-2.646931,cruise,,,
12.1,29.534053,3.0,cruise,,,
12.2,29.816608,-2.646929,cruise,,,
12.3,29.534134,3.0,cruise,,,
12.4,29.816689,-2.646928,cruise,,,
12.5,29.534216,3.0,cruise,,,
12.6,29.81677,-2.646926,cruise,,,
12.7,29.534297,3.0,cruise,,,
12.8,29.816851,-2.646924,cruise,,,
12.9,29.534378,3.0,cruise,,,
13.0,29.816932,-2.646922,cruise,,,
13.1,29.534459,3.0,cruise,,,
13.2,29.817013,-2.646921,cruise,,,
13.3,29.53454,3.0,cruise,,,
13.4,29.817095,-2.646919,cruise,,,
13.5,29.534621,3.0,cruise,,,
13.6,29.817176,-2.646917,cruise,,,
13.7,29.534703,3.0,cruise,,,
13.8,29.817257,-2.646915,cruise,,,
13.9,29.534784,3.0,cruise,,,
14.0,29.817338,-2.646914,cruise,,,
14.1,29.534865,3.0,cruise,,,
14.2,29.817419,-2.646912,cruise,,,
14.3,29.534946,3.0,cruise,,,
14.4,29.8175,-2.64691,cruise,,,
14.5,29.535027,3.0,cruise,,,
14.6,29.81758,-2.646909,cruise,,,
14.7,29.535108,3.0,cruise,,,
14.8,29.817661,-2.646907,cruise,,,
14.9,29.535189,3.0,cruise,,,
15.0,29.817742,-2.646905,cruise,,,
15.1,29.53527,3.0,cruise,,,
15.2,29.817823,-2.646903,cruise,,,
15.3,29.535351,3.0,cruise,,,
15.4,29.817904,-2.646902,cruise,,,
15.5,29.535432,3.0,cruise,,,
15.6,29.817985,-2.6469,cruise,,,
15.7,29.535513,3.0,cruise,,,
15.8,29.818066,-2.646898,cruise,,,
15.9,29.535594,3.0,cruise,,,
16.0,29.818147,-2.646897,cruise,,,
16.1,29.535674,3.0,cruise,,,
16.2,29.818227,-2.646895,cruise,,,
16.3,29.535755,3.0,cruise,,,
16.4,29.818308,-2.646893,cruise,,,
16.5,29.535836,3.0,cruise,,,
16.6,29.818389,-2.646891,cruise,,,
16.7,29.535917,3.0,cruise,,,
16.8,29.81847,-2.64689,cruise,,,
16.9,29.535998,3.0,cruise,,,
17.0,29.81855,-2.646888,cruise,,,
17.1,29.536079,3.0,cruise,,,
17.2,29.818631,-2.646886,cruise,,,
17.3,29.536159,3.0,cruise,,,
17.4,29.818712,-2.646885,cruise,,,
17.5,29.53624,3.0,cruise,,,
17.6,29.818792,-2.646883,cruise,,,
17.7,29.536321,3.0,cruise,,,
17.8,29.818873,-2.646881,cruise,,,
17.9,29.536402,3.0,cruise,,,
18.0,29.818954,-2.646879,cruise,,,
18.1,29.536482,3.0,cruise,,,
18.2,29.819034,-2.646878,cruise,,,
18.3,29.536563,3.0,cruise,,,
18.4,29.819115,-2.646876,cruise,,,
18.5,29.536643,3.0,cruise,,,
18.6,29.819195,-2.646874,cruise,,,
18.7,29.536724,3.0,cruise,,,
18.8,29.819276,-2.646873,cruise,,,
18.9,29.536805,3.0,cruise,,,
19.0,29.819356,-2.646871,cruise,,,
19.1,29.536885,3.0,cruise,,,
19.2,29.819437,-2.646869,cruise,,,
19.3,29.536966,3.0,cruise,,,
19.4,29.819517,-2.646867,cruise,,,
19.5,29.537046,3.0,cruise,,,
19.6,29.819598,-2.646866,cruise,,,
19.7,29.537127,3.0,cruise,,,
19.8,29.819678,-2.646864,cruise,,,
19.9,29.537207,3.0,cruise,,,
20.0,29.819758,-2.646862,cruise,,,
20.1,29.537288,3.0,cruise,,,
20.2,29.819839,-2.646861,cruise,,,
20.3,29.537368,3.0,cruise,,,
20.4,29.819919,-2.646859,cruise,,,
20.5,29.537449,3.0,cruise,,,
20.6,29.82,-2.646857,cruise,,,
20.7,29.537529,3.0,cruise,,,
20.8,29.82008,-2.646855,cruise,,,
20.9,29.53761,3.0,cruise,,,
21.0,29.82016,-2.646854,cruise,,,
21.1,29.53769,3.0,cruise,,,
21.2,29.82024,-2.646852,cruise,,,
21.3,29.53777,3.0,cruise,,,
21.4,29.820321,-2.64685,cruise,,,
21.5,29.537851,3.0,cruise,,,
21.6,29.820401,-2.646849,cruise,,,
21.7,29.537931,3.0,cruise,,,
21.8,29.820481,-2.646847,cruise,,,
21.9,29.538011,3.0,cruise,,,
22.0,29.820561,-2.646845,cruise,,,
22.1,29.538092,3.0,cruise,,,
22.2,29.820642,-2.646844,cruise,,,
22.3,29.538172,3.0,cruise,,,
22.4,29.820722,-2.646842,cruise,,,
22.5,29.538252,3.0,cruise,,,
22.6,29.820802,-2.64684,cruise,,,
22.7,29.538332,3.0,cruise,,,
22.8,29.820882,-2.646838,cruise,,,
22.9,29.538412,3.0,cruise,,,
23.0,29.820962,-2.646837,cruise,,,
23.1,29.538493,3.0,cruise,,,
23.2,29.821042,-2.646835,cruise,,,
23.3,29.538573,3.0,cruise,,,
23.4,29.821122,-2.646833,cruise,,,
23.5,29.538653,3.0,cruise,,,
23.6,29.821202,-2.646832,cruise,,,
23.7,29.538733,3.0,cruise,,,
23.8,29.821282,-2.64683,cruise,,,
23.9,29.538813,3.0,cruise,,,
24.0,29.821362,-2.646828,cruise,,,
24.1,29.538893,3.0,cruise,,,
24.2,29.821442,-2.646827,cruise,,,
24.3,29.538973,3.0,cruise,,,
24.4,29.821522,-2.646825,cruise,,,
24.5,29.539053,3.0,cruise,,,
24.6,29.821602,-2.646823,cruise,,,
24.7,29.539133,3.0,cruise,,,
24.8,29.821682,-2.646821,cruise,,,
24.9,29.539213,3.0,cruise,,,
25.0,29.821762,-2.64682,cruise,,,
25.1,29.539293,3.0,cruise,,,
25.2,29.821842,-2.646818,cruise,,,
25.3,29.539373,3.0,cruise,,,
25.4,29.821922,-2.646816,cruise,,,
25.5,29.539453,3.0,cruise,,,
25.6,29.822002,-2.646815,cruise,,,
25.7,29.539533,3.0,cruise,,,
25.8,29.822081,-2.646813,cruise,,,
25.9,29.539613,3.0,cruise,,,
26.0,29.822161,-2.646811,cruise,,,
26.1,29.539693,3.0,cruise,,,
26.2,29.822241,-2.64681,cruise,,,
26.3,29.539773,3.0,cruise,,,
26.4,29.822321,-2.646808,cruise,,,
26.5,29.539853,3.0,cruise,,,
26.6,29.822401,-2.646806,cruise,,,
26.7,29.539932,3.0,cruise,,,
26.8,29.82248,-2.646804,cruise,,,
26.9,29.540012,3.0,cruise,,,
27.0,29.82256,-2.646803,cruise,,,
27.1,29.540092,3.0,cruise,,,
27.2,29.82264,-2.646801,cruise,,,
27.3,29.540172,3.0,cruise,,,
27.4,29.822719,-2.646799,cruise,,,
27.5,29.540251,3.0,cruise,,,
27.6,29.822799,-2.646798,cruise,,,
27.7,29.540331,3.0,cruise,,,
27.8,29.822879,-2.646796,cruise,,,
27.9,29.540411,3.0,cruise,,,
28.0,29.822958,-2.646794,cruise,,,
28.1,29.540491,3.0,cruise,,,
28.2,29.823038,-2.646793,cruise,,,
28.3,29.54057,3.0,cruise,,,
28.4,29.823117,-2.646791,cruise,,,
28.5,29.54065,3.0,cruise,,,
28.6,29.823197,-2.646789,cruise,,,
28.7,29.540729,3.0,cruise,,,
28.8,29.823276,-2.646788,cruise,,,
28.9,29.540809,3.0,cruise,,,
29.0,29.823356,-2.646786,cruise,,,
29.1,29.540889,3.0,cruise,,,
29.2,29.823435,-2.646784,cruise,,,
29.3,29.540968,3.0,cruise,,,
29.4,29.823515,-2.646782,cruise,,,
29.5,29.541048,3.0,cruise,,,
29.6,29.823594,-2.646781,cruise,,,
29.7,29.541127,3.0,cruise,,,
29.8,29.823674,-2.646779,cruise,,,
29.9,29.541207,3.0,cruise,,,
30.0,29.823753,3.0,follow,74.281796,129.017425,28.968248
30.1,30.105964,3.0,follow,72.617883,127.776829,24.544317
30.2,30.387837,3.0,follow,70.38629,125.968045,25.71912
30.3,30.669368,3.0,follow,68.377056,124.381108,27.461028
30.4,30.950556,3.0,follow,69.320219,125.746053,20.511362
30.5,31.231397,3.0,follow,67.835817,124.682913,19.447073
30.6,31.511889,3.0,follow,67.48389,124.751724,23.397284
30.7,31.792029,3.0,follow,66.014477,123.702521,19.913384
30.8,32.071815,3.0,follow,65.467618,123.57534,16.650287
30.9,32.351243,3.0,follow,62.123352,120.650215,17.381645
31.0,32.630311,3.0,follow,63.491719,122.437184,15.342409
31.1,32.909016,3.0,follow,60.762759,120.126283,14.544867
31.2,33.187356,3.0,follow,62.046514,121.827547,15.214454
31.3,33.465328,3.0,follow,57.093023,117.291014,11.853171
31.4,33.742929,3.0,follow,59.022328,119.636722,11.924406
31.5,34.020157,3.0,follow,55.68447,116.714706,12.36364
31.6,34.29701,3.0,follow,53.24949,114.695005,11.404484
31.7,34.573484,3.0,follow,52.10743,113.967656,12.210623
31.8,34.849578,3.0,follow,50.928332,113.202699,10.750925
31.9,35.125288,3.0,follow,50.462238,113.15017,10.115982
32.0,35.400612,3.0,follow,49.13919,112.240109,12.068034
32.1,35.675548,3.0,follow,46.289232,109.802554,10.124205
32.2,35.950093,3.0,follow,45.482405,109.407544,10.037304
32.3,36.224245,3.0,follow,46.628752,110.96512,9.025777
32.4,36.498001,3.0,follow,44.548318,109.29532,9.178309
32.5,36.771359,3.0,follow,41.391145,106.548184,9.113413
32.6,37.044316,3.0,follow,39.307278,104.873752,8.127029
32.7,37.316871,3.0,follow,37.766759,103.742065,8.618691
32.8,37.58902,3.0,follow,36.699634,103.083163,7.905745
32.9,37.860761,3.0,follow,33.075945,99.867087,7.634654
33.0,38.132092,3.0,follow,32.275739,99.473878,7.323899
33.1,38.403011,3.0,follow,28.87906,96.483577,8.03159
33.2,38.673515,3.0,follow,29.545952,97.556225,7.129471
33.3,38.943603,3.0,follow,28.036461,96.451865,6.546387
33.4,39.213271,3.0,follow,24.910632,93.730538,6.895363
33.5,39.482517,3.0,follow,25.448511,94.672286,6.146546
33.6,39.75134,-8.0,follow,20.350143,89.977152,6.166477
33.7,38.919736,3.0,follow,19.945574,88.325179,5.739226
33.8,39.189441,3.0,follow,20.072073,88.856235,5.849869
33.9,39.458725,3.0,follow,19.162275,88.350362,6.17458
34.0,39.727585,3.0,follow,18.016226,87.607604,6.179304
34.1,39.99602,-8.0,follow,13.693972,83.688002,5.629483
34.2,39.164026,3.0,follow,15.27556,84.021599,5.894587
34.3,39.433349,-8.0,follow,12.17824,81.328264,5.546363
34.4,38.60225,3.0,follow,11.924665,79.828039,5.425957
34.5,38.872447,3.0,follow,11.322124,79.630794,5.52514
34.6,39.142226,3.0,follow,9.253233,77.966572,5.379889
34.7,39.411583,-8.0,follow,4.928038,74.045413,5.435889
34.8,38.580518,3.0,follow,8.236585,76.107362,5.713544
34.9,38.850749,-3.174019,follow,6.346164,74.622287,4.918827
35.0,38.503159,-8.0,follow,3.287232,71.041971,5.356339
35.1,37.673509,3.0,follow,4.414356,70.92462,5.471097
35.2,37.945124,-8.0,follow,2.822422,69.740108,5.183164
35.3,37.116327,3.0,follow,2.593985,68.268475,5.856774
35.4,37.388774,-8.0,follow,0.046436,66.129597,5.691616
35.5,36.560816,3.0,follow,-0.007708,64.833516,5.969488
35.6,36.834082,-8.0,follow,-0.881016,64.370108,5.164448
35.7,36.006947,3.0,follow,0.598992,64.609413,5.74973
35.8,36.281017,-8.0,follow,-1.640215,62.781311,5.691344
35.9,35.454691,-8.0,follow,-2.466194,60.715842,6.243473
36.0,34.62955,3.0,follow,-0.921438,61.022887,6.108672
36.1,34.905566,-8.0,follow,-6.366019,55.99233,5.573835
36.2,34.081198,3.0,follow,-1.577587,59.544211,6.007771
36.3,34.357968,-8.0,follow,-6.148538,55.388414,5.39955
36.4,33.534358,3.0,follow,-4.236559,56.064978,7.075018
36.5,33.811867,-8.0,follow,-6.374009,54.343791,6.974425
36.6,32.989002,2.778796,follow,-6.138612,53.344891,6.63576
36.7,33.245116,3.0,follow,-4.597295,55.270379,7.374186
36.8,33.523012,-8.0,follow,-7.686439,52.598078,6.373198
36.9,32.700536,3.0,follow,-6.312779,52.738025,6.446769
37.0,32.979149,-8.0,follow,-7.968614,51.50011,6.680388
37.1,32.157397,3.0,follow,-6.871725,51.36437,8.550188
37.2,32.436715,-8.0,follow,-8.474374,50.180699,6.720586
37.3,31.615672,-8.0,follow,-9.424377,47.999131,8.81418
37.4,30.795681,3.0,follow,-6.233958,49.959563,6.441673
37.5,31.076714,-8.0,follow,-8.923178,47.691892,8.74004
37.6,30.257398,-8.0,follow,-9.409945,45.976152,8.863046
37.7,29.439088,3.0,follow,-7.366389,46.792243,10.043219
37.8,29.721755,3.0,follow,-6.102564,48.480068,10.421888
37.9,30.004087,-8.0,follow,-7.756472,47.249659,7.275797
38.0,29.186082,-8.0,follow,-8.288073,45.491051,10.46714
38.1,28.369046,3.0,follow,-7.399422,45.154146,14.570339
38.2,28.65295,-8.0,follow,-8.160573,44.818851,17.624749
38.3,27.83653,3.0,follow,-4.539596,47.215198,14.63343
38.4,28.121032,-8.0,follow,-7.168454,45.013095,12.064515
38.5,27.305217,3.0,follow,-6.125251,44.832573,16.696073
38.6,27.590305,-8.0,follow,-6.141915,45.243543,23.808568
38.7,26.775081,-2.446971,follow,-5.976586,44.186035,28.972918
38.8,26.516045,-8.0,follow,-6.299638,43.47443,22.689666
38.9,25.701983,3.0,follow,-5.078743,43.474232,135.020108
39.0,25.988772,-8.0,follow,-5.467802,43.515355,47.362541
39.1,25.175263,3.0,follow,-4.225066,43.537829,inf
39.2,25.462587,3.0,follow,-3.852311,44.34157,44.672713
39.3,25.74962,-8.0,follow,-5.107823,43.516608,43.533129
39.4,24.93636,3.0,follow,-3.121568,44.282972,195.631057
39.5,25.223923,-8.0,follow,-4.485305,43.350579,32.744029
39.6,24.411198,3.0,follow,-3.027338,43.58946,inf
39.7,24.69928,-8.0,follow,-5.749389,41.299532,inf
39.8,23.887079,3.0,follow,-1.169795,44.660824,inf
39.9,24.175667,-8.0,follow,-2.150244,44.113257,inf
40.0,23.363978,3.0,follow,-0.039108,45.006859,inf
40.1,23.65306,-8.0,follow,-4.698037,40.781553,inf
40.2,22.841871,3.0,follow,2.304559,46.567366,inf
40.3,23.131436,-8.0,follow,-0.432932,44.264222,inf
40.4,22.320735,3.0,follow,2.451047,45.932149,inf
40.5,22.61077,-8.0,follow,-0.145084,43.771072,inf
40.6,21.800546,3.0,follow,3.230199,45.931017,inf
40.7,22.09104,-8.0,follow,1.225353,44.361913,inf
40.8,21.28128,3.0,follow,3.291865,45.213785,inf
40.9,21.572222,3.0,follow,6.03823,48.396563,inf
41.0,21.862915,-8.0,follow,3.565899,46.360272,inf
41.1,21.053355,3.0,follow,5.624903,47.204936,inf
41.2,21.34449,3.0,follow,6.283752,48.300487,inf
41.3,21.635379,3.0,follow,5.763881,48.216949,inf
41.4,21.926017,3.0,follow,5.255322,48.144348,inf
41.5,22.216402,3.0,follow,5.338105,48.662707,inf
41.6,22.50653,3.0,follow,7.432259,51.192054,inf
41.7,22.7964,-8.0,follow,4.467815,48.662414,inf
41.8,21.986006,3.0,follow,6.264805,49.243814,inf
41.9,22.276338,3.0,follow,7.051673,50.46618,inf
42.0,22.566414,3.0,follow,6.929918,50.779539,inf
42.1,22.856229,3.0,follow,6.799573,51.083916,inf
42.2,23.145781,3.0,follow,5.930667,50.649338,inf
42.3,23.435066,-8.0,follow,3.663232,48.815831,inf
42.4,22.624082,3.0,follow,8.2273,52.163423,inf
42.5,22.913845,-8.0,follow,4.891271,49.262038,inf
42.6,22.103344,3.0,follow,8.016688,51.171704,inf
42.7,22.393573,3.0,follow,6.661987,50.252347,inf
42.8,22.683544,3.0,follow,7.228677,51.253992,inf
42.9,22.973253,3.0,follow,7.436788,51.896667,inf
43.0,23.262697,3.0,follow,7.166351,52.060397,inf
43.1,23.551874,3.0,follow,6.987399,52.31521,inf
43.2,23.84078,3.0,follow,7.999961,53.761132,inf
43.3,24.129413,3.0,follow,6.364072,52.558191,inf
43.4,24.417768,3.0,follow,5.209762,51.836414,480.999349
43.5,24.705844,3.0,follow,6.157064,53.215829,inf
43.6,24.993636,3.0,follow,5.976012,53.466466,91.609261
43.7,25.281142,-8.0,follow,2.816638,50.738352,97.359861
43.8,24.46836,3.0,follow,6.128976,52.831516,inf
43.9,24.756386,3.0,follow,5.831299,52.965877,78.307214
44.0,25.044128,-2.894895,follow,4.285272,51.851464,inf
44.1,24.742094,3.0,follow,6.634113,53.747255,inf
44.2,25.029851,-8.0,follow,4.489493,52.03427,41.968164
44.3,24.217321,3.0,follow,6.096556,52.422538,inf
44.4,24.505592,3.0,follow,5.383591,52.141978,inf
44.5,24.793581,3.0,follow,5.182249,52.37262,inf
44.6,25.081287,-8.0,follow,3.492562,51.114492,50.54402
44.7,24.268705,3.0,follow,4.404563,50.807621,196.391953
44.8,24.556926,3.0,follow,7.40654,54.241929,inf
44.9,24.844865,-8.0,follow,4.260145,51.527442,inf
45.0,24.03252,3.0,follow,5.415411,51.46419,inf
45.1,24.320968,-8.0,follow,3.750641,50.232093,inf
45.2,23.509138,3.0,follow,6.817472,52.081179,inf
45.3,23.798085,3.0,follow,5.734244,51.431371,inf
45.4,24.086758,3.0,follow,8.702559,54.832695,inf
45.5,24.375154,3.0,follow,7.632449,54.19518,inf
45.6,24.663271,-8.0,follow,5.333946,52.328853,inf
45.7,23.851106,3.0,follow,9.957084,55.733742,inf
45.8,24.139728,3.0,follow,8.190177,54.399769,1829.90663
45.9,24.428074,1.501557,follow,6.354851,52.996962,inf
46.0,24.566295,-8.0,follow,3.76089,50.610332,170.810787
46.1,23.754225,3.0,follow,10.453573,56.08491,inf
46.2,24.042939,-8.0,follow,6.006207,52.070616,inf
46.3,23.231378,3.0,follow,7.110411,51.957478,inf
46.4,23.520584,3.0,follow,9.804544,55.08542,inf
46.5,23.80952,3.0,follow,11.080188,56.794468,inf
46.6,24.098182,3.0,follow,9.557377,55.70465,inf
46.7,24.386568,3.0,follow,8.266142,54.845993,inf
46.8,24.674673,3.0,follow,7.896515,54.908526,inf
46.9,24.962497,3.0,follow,7.758531,55.202276,103.6669
47.0,25.250034,3.0,follow,7.202221,55.077272,59.864381
47.1,25.537283,3.0,follow,6.17762,54.483544,47.4892
47.2,25.82424,3.0,follow,5.474761,54.21112,61.308168
47.3,26.110902,3.0,follow,4.743677,53.91003,63.356337
47.4,26.397266,3.0,follow,3.404404,53.000303,44.640617
47.5,26.68333,3.0,follow,3.336975,53.36197,50.183826
47.6,26.96909,-8.0,follow,1.131426,51.585061,26.331133
47.7,26.154543,3.0,follow,4.017792,53.249607,825.020055
47.8,26.440862,-8.0,follow,2.454228,52.115521,31.761059
47.9,25.62688,3.0,follow,3.482513,51.922833,inf
48.0,25.913745,3.0,follow,4.390841,53.261458,120.027152
48.1,26.200315,3.0,follow,5.200955,54.501427,29.615276
48.2,26.486586,3.0,follow,4.09289,53.822768,23.538489
48.3,26.772555,-8.0,follow,0.696681,50.855513,36.002508
48.4,25.958219,3.0,follow,2.472362,51.409691,45.567107
48.5,26.244743,3.0,follow,4.078103,53.445217,75.83649
48.6,26.530967,-8.0,follow,1.345669,51.14212,43.305291
48.7,25.716889,3.0,follow,3.345097,51.920431,67.702652
48.8,26.003662,3.0,follow,3.674572,52.680065,32.050424
48.9,26.290138,-8.0,follow,1.425844,50.861051,20.929283
49.0,25.476315,3.0,follow,3.798947,52.01342,64.507586
49.1,25.763334,-8.0,follow,1.682085,50.327086,408.055521
49.2,24.950059,3.0,follow,3.726992,51.15208,inf
49.3,25.237609,3.0,follow,4.301906,52.158319,44.671056
49.4,25.52487,-8.0,follow,1.678527,49.965832,126.537397
49.5,24.71184,3.0,follow,5.196889,52.264648,inf
49.6,24.999626,3.0,follow,4.255246,51.754686,78.460627
49.7,25.287127,3.0,follow,4.435283,52.365973,313.331213
49.8,25.574338,3.0,follow,3.577033,51.938539,97.201694
49.9,25.861257,3.0,follow,4.330528,53.122414,30.862572
50.0,26.147881,-8.0,follow,2.405804,51.627626,58.809382
50.1,25.334207,3.0,follow,2.972895,50.974205,inf
50.2,25.62137,3.0,follow,3.100013,51.532068,inf
50.3,25.908241,3.0,follow,3.048882,51.911244,439.029102
50.4,26.194816,3.0,follow,1.939538,51.231762,23.027413
50.5,26.481093,3.0,follow,1.362014,51.083653,23.421127
50.6,26.767068,-8.0,follow,-0.073656,50.076946,36.364906
50.7,25.952738,3.0,follow,1.092565,50.021672,88.889741
50.8,26.239268,-8.0,follow,-0.291156,49.067745,57.776548
50.9,25.425498,3.0,follow,4.416949,52.555196,inf
51.0,25.712568,-8.0,follow,0.565086,49.133939,173.883332
51.1,24.899346,3.0,follow,2.414986,49.764004,inf
51.2,25.186946,3.0,follow,1.93489,49.71531,inf
51.3,25.474259,3.0,follow,3.256496,51.467884,inf
51.4,25.76128,-8.0,follow,1.419836,50.061756,49.997771
51.5,24.948007,3.0,follow,4.364945,51.786955,inf
51.6,25.235559,-8.0,follow,1.770061,49.623399,60.845887
51.7,24.422822,3.0,follow,4.106884,50.741117,inf
51.8,24.710893,-8.0,follow,2.463689,49.530028,698.662244
51.9,23.89868,3.0,follow,7.12214,52.97016,inf
52.0,24.187257,-8.0,follow,3.040548,49.321434,inf
52.1,23.375557,3.0,follow,6.100543,51.163878,inf
52.2,23.664628,3.0,follow,6.160473,51.657416,inf
52.3,23.953428,3.0,follow,5.581931,51.512073,315.197221
52.4,24.241953,3.0,follow,4.554948,50.917878,inf
52.5,24.530199,3.0,follow,4.229559,51.024858,inf
52.6,24.818165,3.0,follow,4.015794,51.243041,inf
52.7,25.105846,3.0,follow,3.363688,51.022457,55.710747
52.8,25.39324,3.0,follow,4.133273,52.223133,55.958965
52.9,25.680343,3.0,follow,5.024583,53.545098,314.336122
53.0,25.967154,-8.0,follow,1.407652,50.358383,33.192667
53.1,25.153668,3.0,follow,1.702514,49.433016,inf
53.2,25.441014,3.0,follow,2.657394,50.818915,123.64283
53.3,25.728069,3.0,follow,5.134004,53.726108,44.107608
53.4,26.01483,-8.0,follow,0.822379,49.844625,inf
53.5,25.201295,3.0,follow,4.752553,52.554495,inf
53.6,25.488593,3.0,follow,4.312747,52.545636,26.160423
53.7,25.775599,-8.0,follow,1.314677,49.978076,78.631412
53.8,24.962312,3.0,follow,3.798377,51.241845,110.838295
53.9,25.249849,3.0,follow,4.522086,52.39686,inf
54.0,25.537098,-8.0,follow,1.797503,50.10315,44.453221
54.1,24.724055,3.0,follow,3.234661,50.320745,inf
54.2,25.01183,3.0,follow,2.381817,49.899562,inf
54.3,25.299318,3.0,follow,1.440653,49.38963,inf
54.4,25.586517,3.0,follow,1.351203,49.730978,33.454701
54.5,25.873424,-7.363118,follow,0.1935,49.003636,43.619913
54.6,25.123723,3.0,follow,2.715679,50.401263,104.194477
54.7,25.411099,-8.0,follow,1.343505,49.460154,54.888704
54.8,24.598184,3.0,follow,3.723058,50.620335,inf
54.9,24.886083,-8.0,follow,1.302602,48.631727,inf
55.0,24.073697,3.0,follow,4.723812,50.834357,2145.206491
55.1,24.362106,3.0,follow,4.914988,51.458147,inf
55.2,24.650236,-8.0,follow,1.35777,48.333123,inf
55.3,23.838083,3.0,follow,5.34219,51.099315,inf
55.4,24.126718,3.0,follow,5.946566,52.136643,195.47489
55.5,24.415076,-8.0,follow,2.852521,49.475135,inf
55.6,23.603154,3.0,follow,7.430089,52.83482,inf
55.7,23.892012,3.0,follow,5.707601,51.545619,inf
55.8,24.180595,2.229729,follow,4.096666,50.367559,inf
55.9,24.391874,3.0,follow,4.570561,51.158372,inf
56.0,24.679975,3.0,follow,4.850412,51.870374,136.510036
56.1,24.967793,3.0,follow,3.881906,51.333595,6587.326934
56.2,25.255325,3.0,follow,3.945075,51.828063,19.300481
56.3,25.542568,-8.0,follow,1.829953,50.143806,38.202815
56.4,24.72952,3.0,follow,4.296574,51.390854,inf
56.5,25.017289,-8.0,follow,2.093191,49.619125,51.832968
56.6,24.204772,3.0,follow,4.85149,51.158648,inf
56.7,24.493054,3.0,follow,3.579761,50.319342,89.368561
56.8,24.781056,3.0,follow,3.359653,50.531237,455.006849
56.9,25.068774,3.0,follow,5.121198,52.724359,inf
57.0,25.356205,3.0,follow,4.494431,52.528739,inf
57.1,25.643346,3.0,follow,3.459385,51.924404,30.129987
57.2,25.930195,-8.0,follow,1.036093,49.931385,829.497459
57.3,25.116747,3.0,follow,3.114589,50.78971,475.794123
57.4,25.40413,3.0,follow,4.353102,52.459297,45.85081
57.5,25.691223,-8.0,follow,2.65334,51.190175,150.019785
57.6,24.878022,3.0,follow,6.315339,53.632372,inf
57.7,25.165644,-8.0,follow,3.717342,51.465808,83.596739
57.8,24.352978,3.0,follow,4.771044,51.30051,inf
57.9,24.641116,3.0,follow,3.814724,50.776399,inf
58.0,24.928972,3.0,follow,3.890043,51.283501,inf
58.1,25.216543,3.0,follow,3.117032,50.941847,inf
58.2,25.503826,3.0,follow,3.595726,51.851464,inf
58.3,25.790817,3.0,follow,3.366157,52.052383,30.248645
58.4,26.077514,-8.0,follow,0.878361,49.994631,inf
58.5,25.263913,3.0,follow,1.462371,49.35824,28.631515
58.6,25.551148,2.972727,follow,0.416404,48.743125,73.72502
58.7,25.835363,3.0,follow,2.526544,51.279589,129.702505
58.8,26.122014,-8.0,follow,0.184367,49.367388,54.130087
58.9,25.308367,3.0,follow,0.194001,48.156551,61.868725
59.0,25.595556,3.0,follow,2.543661,50.936995,67.41654
59.1,25.882454,3.0,follow,4.385069,53.20875,42.483606
59.2,26.169056,-8.0,follow,1.038261,50.291844,31.255503
59.3,25.355359,3.0,follow,3.17327,51.206308,inf
59.4,25.642501,-0.36441,follow,1.828306,50.292058,135.011728
59.5,25.59291,3.0,follow,1.643403,50.032767,44.956718
59.6,25.87981,3.0,follow,2.265072,51.084786,243.481475
59.7,26.166414,-8.0,follow,0.368523,49.618145,52.987376
59.8,25.352721,3.0,follow,2.173792,50.202873,inf
59.9,25.639866,3.0,follow,1.739088,50.198886,295.521165
60.0,25.926718,-8.0,follow,0.106138,48.996215,31.677544
60.1,25.113274,3.0,follow,3.174977,50.844887,101.028307
60.2,25.40066,-8.0,follow,1.393831,49.494821,inf
60.3,24.587756,3.0,follow,2.014411,48.896046,inf
60.4,24.875665,3.0,follow,3.039981,50.353479,inf
60.5,25.163289,-8.0,follow,1.007216,48.75215,inf
60.6,24.350625,3.0,follow,3.33615,49.862088,inf
60.7,24.638766,3.0,follow,2.905062,49.863211,inf
60.8,24.926625,3.0,follow,3.720611,51.110548,inf
60.9,25.214198,3.0,follow,2.617831,50.439129,785.678818
61.0,25.501483,3.0,follow,1.606756,49.85898,146.007195
61.1,25.788477,3.0,follow,2.057418,50.740133,inf
61.2,26.075176,3.0,follow,2.194852,51.307615,1135.736982
61.3,26.361577,-8.0,follow,0.744091,50.286457,161.39319
61.4,25.547679,3.0,follow,1.335172,49.65669,inf
61.5,25.834625,-8.0,follow,-0.59371,48.158227,153.065488
61.6,25.021276,3.0,follow,0.929185,48.461099,inf
61.7,25.308755,3.0,follow,1.367091,49.330224,inf
61.8,25.595944,3.0,follow,0.596713,48.990629,inf
61.9,25.882841,3.0,follow,0.608083,49.432345,140.097904
62.0,26.169443,3.0,follow,0.371236,49.625401,115.557596
62.1,26.455746,3.0,follow,0.401207,50.084826,169.350696
62.2,26.741748,-8.0,follow,-0.806971,49.305652,30.03241
62.3,25.927446,3.0,follow,1.016738,49.907907,inf
62.4,26.214001,3.0,follow,0.070505,49.391507,41.366386
62.5,26.500258,-8.0,follow,-2.713905,47.036481,29.210533
62.6,25.686212,3.0,follow,-0.331458,48.19786,inf
62.7,25.973017,3.0,follow,0.121033,49.080558,inf
62.8,26.259525,-8.0,follow,-1.534681,47.854606,inf
62.9,25.445733,3.0,follow,1.741432,49.910032,inf
63.0,25.732784,3.0,follow,2.362578,50.961754,inf
63.1,26.01954,3.0,follow,1.59549,50.6248,73.4182
63.2,26.306,-8.0,follow,-0.4698,48.9892,278.347943
63.3,25.49216,3.0,follow,2.716744,50.954984,inf
63.4,25.779163,-8.0,follow,0.813324,49.482068,inf
63.5,24.965871,3.0,follow,1.596673,49.045481,inf
63.6,25.253406,3.0,follow,0.960032,48.84014,inf
63.7,25.540651,3.0,follow,0.935099,49.246075,inf
63.8,25.827604,3.0,follow,0.431908,49.173315,inf
63.9,26.114263,3.0,follow,0.645494,49.816888,195.926568
64.0,26.400624,3.0,follow,0.19089,49.791826,69.095434
64.1,26.686684,3.0,follow,-0.451869,49.578157,391.35263
64.2,26.972441,3.0,follow,-0.452747,50.005913,130.754746
64.3,27.25789,3.0,follow,-0.151711,50.735124,41.31894
64.4,27.54303,3.0,follow,-0.953724,50.360821,34.899348
64.5,27.827858,-8.0,follow,-4.223752,47.518036,41.397136
64.6,27.01237,3.0,follow,-4.241757,46.276799,28.34945
64.7,27.297777,3.0,follow,-0.879645,50.067021,27.095815
64.8,27.582874,-8.0,follow,-3.970577,47.403733,30.526461
64.9,26.767657,3.0,follow,-1.489518,48.661968,158.169431
65.0,27.053327,-8.0,follow,-3.018356,47.561635,356.729013
65.1,26.238689,3.0,follow,-2.445268,46.912766,inf
65.2,26.52492,3.0,follow,-0.272106,49.515274,inf
65.3,26.810849,3.0,follow,-0.472084,49.744189,291.159447
65.4,27.096472,-8.0,follow,-2.410166,48.234542,152.413211
65.5,26.281788,-8.0,follow,-3.376318,46.046363,175.89193
65.6,25.467973,3.0,follow,0.227606,48.429566,inf
65.7,25.755001,3.0,follow,0.956565,49.589066,inf
65.8,26.041734,-8.0,follow,-1.462709,47.599892,inf
65.9,25.228171,3.0,follow,1.769819,49.612075,inf
66.0,25.515442,3.0,follow,1.262368,49.535531,inf
66.1,25.802421,3.0,follow,1.596658,50.300289,inf
66.2,26.089106,3.0,follow,0.74772,49.881378,inf
66.3,26.375493,-8.0,follow,-0.81941,48.743829,inf
66.4,25.56158,3.0,follow,2.965302,51.307671,inf
66.5,25.848512,-8.0,follow,1.140053,49.91282,inf
66.6,25.035149,3.0,follow,2.721582,50.274305,inf
66.7,25.322614,2.924252,follow,1.483123,49.467044,inf
66.8,25.602214,3.0,follow,1.758501,50.161822,inf
66.9,25.889105,3.0,follow,0.984255,49.817912,inf
67.0,26.1757,3.0,follow,1.441792,50.705342,inf
67.1,26.461996,3.0,follow,3.186148,52.879142,inf
67.2,26.747992,-8.0,follow,-0.597644,49.524343,inf
67.3,25.933682,3.0,follow,0.500451,49.400975,inf
67.4,26.220231,3.0,follow,3.588605,52.918952,inf
67.5,26.506481,-8.0,follow,1.403582,51.163304,inf
67.6,25.692429,3.0,follow,2.290416,50.829061,inf
67.7,25.979227,3.0,follow,3.907297,52.876138,inf
67.8,26.265729,-8.0,follow,1.785971,51.184565,inf
67.9,25.451931,3.0,follow,5.896475,54.074372,inf
68.0,25.738975,3.0,follow,4.382011,52.990474,inf
68.1,26.025725,-1.351037,follow,2.829314,51.867902,inf
68.2,25.877075,3.0,follow,6.164582,54.980194,inf
68.3,26.163682,-8.0,follow,2.818302,52.063826,inf
68.4,25.349992,3.0,follow,5.768839,53.793827,inf
68.5,25.637139,3.0,follow,5.069404,53.525113,inf
68.6,25.923994,3.0,follow,5.931723,54.817714,inf
68.7,26.210553,3.0,follow,5.965829,55.281658,inf
68.8,26.496813,-8.0,follow,3.971757,53.716977,inf
68.9,25.682771,3.0,follow,4.544543,53.0687,inf
69.0,25.969579,3.0,follow,5.657373,54.611742,inf
69.1,26.256091,3.0,follow,4.141996,53.526133,inf
69.2,26.542303,3.0,follow,6.808447,56.621902,inf
69.3,26.828213,-8.0,follow,4.441761,54.684081,inf
69.4,26.013818,3.0,follow,5.316972,54.337699,inf
69.5,26.300284,3.0,follow,5.672245,55.122671,inf
69.6,26.58645,-8.0,follow,3.709351,53.589026,inf
69.7,25.772313,3.0,follow,5.578325,54.236795,inf
69.8,26.059029,3.0,follow,7.752348,56.840892,inf
69.9,26.345447,-8.0,follow,5.478176,54.996347,inf
70.0,25.531566,3.0,follow,6.545842,54.84319,inf
70.1,25.818529,3.0,follow,8.093545,56.821338,inf
70.2,26.105197,3.0,follow,8.608023,57.765818,inf
70.3,26.391567,3.0,follow,7.864311,57.451661,inf
70.4,26.677637,3.0,follow,7.912442,57.928897,inf
70.5,26.963403,-7.859936,follow,5.712453,56.157557,inf
70.6,26.162869,3.0,follow,6.391967,55.63627,inf
70.7,26.449179,3.0,follow,9.387584,59.061352,inf
70.8,26.735188,1.352021,follow,7.135052,57.237834,inf
70.9,26.856094,3.0,follow,7.208083,57.492224,inf
71.0,27.141669,3.0,follow,8.645553,59.358057,inf
71.1,27.426936,3.0,follow,7.49996,58.640364,inf
71.2,27.711891,3.0,follow,7.056338,58.624175,194.189801
71.3,27.996532,3.0,follow,8.584723,60.579521,inf
71.4,28.280856,-8.0,follow,5.115152,57.536436,inf
71.5,27.46486,3.0,follow,8.18766,59.38495,inf
71.6,27.749774,3.0,follow,6.905312,58.529973,inf
71.7,28.034373,3.0,follow,6.804976,58.856535,inf
71.8,28.318654,3.0,follow,7.816689,60.29467,inf
71.9,28.602615,3.0,follow,6.290486,59.194408,inf
72.0,28.886253,3.0,follow,5.901404,59.230783,inf
72.1,29.169565,3.0,follow,6.05448,59.808827,inf
72.2,29.452547,-8.0,follow,3.999751,58.178572,96.554366
72.3,28.635198,3.0,follow,4.757255,57.710052,inf
72.4,28.918799,3.0,follow,4.104974,57.483172,inf
72.5,29.202073,3.0,follow,2.659856,56.462965,inf
72.6,29.485018,3.0,follow,6.626937,60.854463,53.615436
72.7,29.76763,-8.0,follow,2.676255,57.3277,inf
72.8,28.949908,3.0,follow,4.877847,58.302709,inf
72.9,29.233146,3.0,follow,4.404676,58.254395,39.277584
73.0,29.516055,3.0,follow,4.593707,58.867789,48.014005
73.1,29.798631,3.0,follow,4.68498,59.382926,26.645477
73.2,30.080871,3.0,follow,4.238532,59.359839,64.460507
73.3,30.362774,-8.0,follow,2.1144,57.658562,190.434162
73.4,29.544336,3.0,follow,3.787624,58.104128,inf
73.5,29.826879,3.0,follow,3.821122,58.56144,227.972915
73.6,30.109086,3.0,follow,2.756902,57.920531,inf
73.7,30.390955,3.0,follow,4.265004,59.851436,29.325212
73.8,30.672483,-7.566066,follow,2.510464,58.519188,22.66005
73.9,29.89706,3.0,follow,3.918892,58.764482,185.341777
74.0,30.179183,3.0,follow,3.352788,58.621563,346.497111
74.1,30.460968,3.0,follow,3.419015,59.110467,74.731829
74.2,30.74241,-6.942576,follow,1.78761,57.901226,20.299052
74.3,30.029251,3.0,follow,1.204424,56.2483,165.801512
74.4,30.311216,3.0,follow,2.590355,58.057179,34.532855
74.5,30.59284,-8.0,follow,0.938634,56.827895,348.979275
74.6,29.774122,3.0,follow,2.2793,56.940483,inf
74.7,30.056392,3.0,follow,3.065256,58.149843,58.360413
74.8,30.338324,3.0,follow,3.313525,58.821011,67.740842
74.9,30.619916,-8.0,follow,1.484146,57.414019,35.885648
75.0,29.801164,3.0,follow,3.047157,57.748903,inf
75.1,30.083402,3.0,follow,4.13046,59.255563,inf
75.2,30.365302,-8.0,follow,2.07108,57.619033,48.611272
75.3,29.546861,3.0,follow,5.944055,60.264347,inf
75.4,29.829401,-8.0,follow,3.317306,58.061407,323.641216
75.5,29.011605,3.0,follow,2.102839,55.620246,inf
75.6,29.294771,3.0,follow,4.528612,58.470769,inf
75.7,29.577608,3.0,follow,3.756597,58.123008,202.091397
75.8,29.860111,3.0,follow,4.366831,59.156997,656.491491
75.9,30.142278,3.0,follow,3.279352,58.492769,62.741746
76.0,30.424107,3.0,follow,1.954198,57.590359,inf
76.1,30.705595,-8.0,follow,0.291407,56.349799,184.393934
76.2,29.886738,3.0,follow,2.691018,57.521125,453.858639
76.3,30.168874,3.0,follow,1.580927,56.834238,inf
76.4,30.45067,3.0,follow,1.453165,57.129171,708.179954
76.5,30.732126,3.0,follow,2.29777,58.395958,135.136556
76.6,31.013236,3.0,follow,3.02478,59.544635,inf
76.7,31.294,-8.0,follow,1.114235,58.055235,1707.513871
76.8,30.474414,3.0,follow,0.586173,56.297793,154.488739
76.9,30.75584,3.0,follow,1.96845,58.102209,88.592079
77.0,31.036921,3.0,follow,2.343135,58.898517,95.471681
77.1,31.317656,-8.0,follow,-0.149732,56.826752,20.757451
77.2,30.49804,3.0,follow,1.629888,57.376948,49.122433
77.3,30.779437,3.0,follow,1.369848,57.539004,inf
77.4,31.06049,-5.404883,follow,0.022221,56.612955,inf
77.5,30.500706,3.0,follow,2.501825,58.252884,inf
77.6,30.7821,3.0,follow,1.211524,57.384674,inf
77.7,31.06315,3.0,follow,1.383635,57.978359,inf
77.8,31.343851,-8.0,follow,-0.561802,56.453974,inf
77.9,30.524202,3.0,follow,1.215251,57.001554,inf
78.0,30.805568,3.0,follow,2.132646,58.340997,inf
78.1,31.086588,-8.0,follow,0.452456,57.082339,60.303244
78.2,30.267261,3.0,follow,4.164721,59.565612,85.42804
78.3,30.548939,-8.0,follow,1.357311,57.180719,inf
78.4,29.730274,3.0,follow,3.442281,58.037691,inf
78.5,30.012596,3.0,follow,3.947538,58.966432,341.644262
78.6,30.294581,-8.0,follow,0.895102,56.336974,inf
78.7,29.476226,3.0,follow,1.885012,56.099351,inf
78.8,29.758849,3.0,follow,1.875193,56.513466,inf
78.9,30.041137,3.0,follow,4.837647,59.899352,inf
79.0,30.323088,-8.0,follow,2.382412,57.867044,inf
79.1,29.504698,3.0,follow,7.449527,61.706574,inf
79.2,29.787287,-8.0,follow,3.506914,58.187845,inf
79.3,28.969542,3.0,follow,5.866579,59.320891,inf
79.4,29.252757,3.0,follow,7.27648,61.155615,inf
79.5,29.535642,3.0,follow,7.608588,61.912051,inf
79.6,29.818195,3.0,follow,7.422939,62.150232,inf
79.7,30.100413,3.0,follow,6.119571,61.27019,inf
79.8,30.382292,3.0,follow,5.608523,61.181961,inf
79.9,30.66383,3.0,follow,4.759832,60.755578,176.702166
80.0,30.945025,3.0,follow,4.633538,61.051076,inf
80.1,31.225873,-8.0,follow,2.639679,59.478488,inf
80.2,30.406372,3.0,follow,3.668293,59.277851,9302.856257
80.3,30.687881,3.0,follow,4.347241,60.379063,inf
80.4,30.969046,3.0,follow,3.798589,60.252158,inf
80.5,31.249864,3.0,follow,3.082375,59.957172,inf
80.6,31.530333,3.0,follow,4.118638,61.414139,266.631472
80.7,31.81045,3.0,follow,4.037418,61.753093,83.39939
80.8,32.090212,3.0,follow,2.508754,60.644072,550.248843
80.9,32.369616,3.0,follow,3.802686,62.357111,51.980873
81.0,32.648661,-8.0,follow,-0.000746,58.972245,151.731982
81.1,31.827342,3.0,follow,2.448498,60.18951,inf
81.2,32.107082,3.0,follow,1.348179,59.508802,222.810717
81.3,32.386465,-8.0,follow,-0.589542,57.990156,50.144323
81.4,31.565487,3.0,follow,2.995376,60.343607,inf
81.5,31.84556,3.0,follow,2.550711,60.319051,inf
81.6,32.125277,3.0,follow,4.278608,62.466523,inf
81.7,32.404636,3.0,follow,2.689105,61.29606,54.503007
81.8,32.683635,-8.0,follow,0.032243,59.057696,188.300667
81.9,31.862271,3.0,follow,5.138063,62.931469,inf
82.0,32.141967,3.0,follow,3.894322,62.107272,43.372012
82.1,32.421304,3.0,follow,2.613185,61.245142,inf
82.2,32.700282,-3.451397,follow,1.074691,60.125114,63.943727
82.3,32.333756,3.0,follow,0.641104,59.141738,inf
82.4,32.612846,3.0,follow,0.991184,59.910454,67.860563
82.5,32.891574,3.0,follow,2.533934,61.871296,28.756289
82.6,33.169937,3.0,follow,3.159396,62.914302,28.213485
82.7,33.447932,3.0,follow,2.18761,62.359509,75.319563
82.8,33.725557,-8.0,follow,-1.161382,59.426953,67.8733
82.9,32.902809,3.0,follow,-0.847541,58.506673,50.314951
83.0,33.181157,3.0,follow,0.446821,60.218557,inf
83.1,33.459137,-8.0,follow,-2.756063,57.432643,24.039073
83.2,32.636747,3.0,follow,1.453848,60.408968,inf
83.3,32.915444,3.0,follow,0.344258,59.717424,44.717288
83.4,33.193775,3.0,follow,-0.572616,59.218047,57.283289
83.5,33.471739,-8.0,follow,-2.706735,57.500873,97.17274
83.6,32.649332,3.0,follow,1.611942,60.585939,96.2703
83.7,32.928012,-8.0,follow,-0.33888,59.053138,144.733828
83.8,32.106327,3.0,follow,0.023015,58.182506,inf
83.9,32.385711,-8.0,follow,-2.884631,55.693935,inf
84.0,31.564734,3.0,follow,2.72036,60.067461,inf
84.1,31.844807,3.0,follow,5.12577,62.89298,inf
84.2,32.124525,3.0,follow,4.64374,62.830528,inf
84.3,32.403886,-8.0,follow,1.074311,59.680139,inf
84.4,31.582885,3.0,follow,2.237523,59.611851,65.300469
84.5,31.862936,3.0,follow,3.581153,61.375557,inf
84.6,32.142631,-8.0,follow,0.997348,59.211294,inf
84.7,31.321968,3.0,follow,4.436145,61.419097,inf
84.8,31.602347,3.0,follow,4.905343,62.308863,inf
84.9,31.882373,3.0,follow,5.367067,63.190625,inf
85.0,32.162043,-8.0,follow,2.961357,61.204421,inf
85.1,31.341355,3.0,follow,4.218253,61.230286,inf
85.2,31.621709,3.0,follow,2.895551,60.328115,inf
85.3,31.901711,3.0,follow,2.695378,60.547944,inf
85.4,32.181356,3.0,follow,3.367774,61.639808,inf
85.5,32.460643,3.0,follow,4.022778,62.713744,inf
85.6,32.73957,3.0,follow,4.590432,63.699787,inf
85.7,33.018132,-8.0,follow,1.370775,60.897973,inf
85.8,32.196328,3.0,follow,6.583849,64.878341,inf
85.9,32.475596,-8.0,follow,3.317387,62.030781,inf
86.0,31.654503,3.0,follow,5.163577,62.645331,inf
86.1,31.934463,3.0,follow,3.690191,61.591885,inf
86.2,32.214066,-8.0,follow,0.529378,58.850478,inf
86.3,31.393311,3.0,follow,7.68118,64.771147,inf
86.4,31.673601,3.0,follow,7.223386,64.733787,inf
86.5,31.953536,3.0,follow,5.218129,63.148433,inf
86.6,32.233116,3.0,follow,5.565448,63.915122,147.570549
86.7,32.512336,3.0,follow,6.085384,64.853888,inf
86.8,32.791195,-8.0,follow,2.067976,61.254768,80.471828
86.9,31.96969,3.0,follow,5.333264,63.287799,inf
87.0,32.249249,3.0,follow,7.479001,65.852875,inf
87.1,32.528448,-8.0,follow,3.487357,62.28003,inf
87.2,31.707286,3.0,follow,7.768371,65.329301,inf
87.3,31.987179,-8.0,follow,4.519814,62.500583,inf
87.4,31.166716,3.0,follow,9.413838,66.163911,inf
87.5,31.447289,3.0,follow,8.31825,65.489183,inf
87.6,31.72751,-8.0,follow,5.175167,62.766432,inf
87.7,30.907377,3.0,follow,11.984628,68.345694,inf
87.8,31.188272,-8.0,follow,8.254459,65.036867,inf
87.9,30.368818,3.0,follow,9.716758,65.269985,inf
88.0,30.650372,3.0,follow,11.609389,67.584948,inf
88.1,30.931583,3.0,follow,13.374414,69.771789,inf
88.2,31.212448,-8.0,follow,9.041872,65.860545,inf
88.3,30.392964,3.0,follow,12.781802,68.371248,inf
88.4,30.674489,3.0,follow,13.462065,69.473799,inf
88.5,30.955671,3.0,follow,13.934726,70.368232,inf
88.6,31.236506,3.0,follow,12.809823,69.664582,inf
88.7,31.516991,3.0,follow,11.587396,68.862882,inf
88.8,31.797125,3.0,follow,10.497483,68.19317,inf
88.9,32.076904,3.0,follow,12.200124,70.31548,inf
89.0,32.356325,3.0,follow,9.605359,68.139847,inf
89.1,32.635387,-8.0,follow,5.533229,64.486308,inf
89.2,31.814085,3.0,follow,14.053772,71.7749,inf
89.3,32.093842,3.0,follow,14.884752,73.025516,inf
89.4,32.373242,-8.0,follow,7.778328,66.338191,inf
89.5,31.552282,3.0,follow,12.194541,69.522963,inf
89.6,31.832371,3.0,follow,15.56117,73.309726,inf
89.7,32.112105,3.0,follow,18.550359,76.718516,inf
89.8,32.391481,-8.0,follow,13.972146,72.559368,inf
89.9,31.570497,3.0,follow,13.886573,71.242318,inf
90.0,31.850563,3.0,follow,14.981417,72.757262,inf
90.1,32.130274,3.0,follow,18.308824,76.504234,inf
90.2,32.409627,-8.0,follow,13.638832,72.253272,inf
90.3,31.588619,3.0,follow,14.851481,72.23441,inf
90.4,31.868662,3.0,follow,15.42455,73.227544,inf
90.5,32.14835,3.0,follow,14.190184,72.412709,inf
90.6,32.42768,3.0,follow,16.468421,75.109941,inf
90.7,32.706648,3.0,follow,19.729303,78.789276,inf
90.8,32.985254,3.0,follow,16.462869,75.94075,322.803255
90.9,33.263493,3.0,follow,14.839161,74.734401,inf
91.0,33.541364,3.0,follow,14.428218,74.740265,inf
91.1,33.818864,-1.877838,follow,11.070083,71.798378,inf
91.2,33.608206,3.0,follow,17.265249,77.677558,inf
91.3,33.885615,3.0,follow,14.610573,75.438996,108.449287
91.4,34.162651,3.0,follow,13.978755,75.222731,inf
91.5,34.439309,3.0,follow,21.719837,83.3788,1405.83762
91.6,34.715588,-8.0,follow,14.24386,76.317241,188.164602
91.7,33.891484,3.0,follow,12.940867,73.778093,inf
91.8,34.168512,3.0,follow,13.318474,74.571242,inf
91.9,34.445162,3.0,follow,16.758983,78.426726,474.847778
92.0,34.721432,3.0,follow,13.712434,75.794582,49.492606
92.1,34.997321,-8.0,follow,9.328869,71.82485,126.603572
92.2,34.172825,3.0,follow,16.448331,77.707568,inf
92.3,34.449469,-8.0,follow,11.988417,73.662621,inf
92.4,33.625734,3.0,follow,19.661447,80.100048,inf
92.5,33.90312,3.0,follow,17.245056,78.099736,116.026488
92.6,34.180131,-8.0,follow,12.901525,74.171722,50.111578
92.7,33.356766,3.0,follow,18.600897,78.636046,inf
92.8,33.634512,3.0,follow,15.060826,75.512595,inf
92.9,33.911887,3.0,follow,16.653576,77.521406,inf
93.0,34.188886,3.0,follow,15.229188,76.512517,32.028529
93.1,34.465509,-8.0,follow,11.247703,72.945966,inf
93.2,33.641751,3.0,follow,12.979164,73.441791,182.804076
93.3,33.919116,3.0,follow,16.911206,77.78988,77.858704
93.4,34.196106,-8.0,follow,12.82611,74.120269,38.885703
93.5,33.372718,3.0,follow,13.86392,73.922997,41.70036
93.6,33.650444,3.0,follow,11.932287,72.407953,inf
93.7,33.927797,3.0,follow,15.113478,76.005173,107.382786
93.8,34.204775,3.0,follow,18.987534,80.294696,33.669719
93.9,34.481375,-8.0,follow,10.044495,71.766558,26.468691
94.0,33.657596,3.0,follow,14.154404,74.640799,75.578265
94.1,33.934939,3.0,follow,17.394896,78.297305,inf
94.2,34.211908,-8.0,follow,12.818252,74.136114,47.163144
94.3,33.388499,3.0,follow,15.454516,75.537264,37.422498
94.4,33.666203,-8.0,follow,10.821339,71.320644,64.473385
94.5,32.843535,3.0,follow,16.120988,75.38629,207.370326
94.6,33.121961,3.0,follow,13.991153,73.674094,23.98276
94.7,33.400019,3.0,follow,16.734063,76.834092,96.04029
94.8,33.677708,3.0,follow,16.769759,77.286321,59.100589
94.9,33.955024,3.0,follow,20.118282,81.050819,111.790474
95.0,34.231966,-8.0,follow,13.969674,75.317622,inf
95.1,33.408529,3.0,follow,14.413976,74.52677,inf
95.2,33.686206,3.0,follow,13.498839,74.028149,47.877276
95.3,33.963511,3.0,follow,11.396531,72.341798,26.95789
95.4,34.240441,3.0,follow,12.737093,74.097754,inf
95.5,34.516993,3.0,follow,10.320566,72.096054,32.667103
95.6,34.793164,3.0,follow,10.956992,73.146738,28.316721
95.7,35.068953,3.0,follow,13.506413,76.109843,25.896925
95.8,35.344356,-8.0,follow,6.198873,69.215407,22.66121
95.9,34.519372,3.0,follow,13.284412,75.06347,28.766875
96.0,34.79554,3.0,follow,13.100606,75.293916,22.505759
96.1,35.071325,-8.0,follow,8.289795,70.896783,19.470049
96.2,34.246725,-8.0,follow,3.572023,64.942111,27.324195
96.3,33.423269,3.0,follow,8.984881,69.119784,33.020025
96.4,33.700926,3.0,follow,13.838302,74.389691,28.822864
96.5,33.978211,-8.0,follow,9.414553,70.38187,33.070903
96.6,33.155121,3.0,follow,7.703677,67.436358,39.782623
96.7,33.433136,3.0,follow,8.533341,68.683045,194.494744
96.8,33.71078,3.0,follow,11.795796,72.361967,15.660119
96.9,33.988052,3.0,follow,10.291083,71.273161,50.618277
97.0,34.264948,3.0,follow,7.339244,68.736667,43.368401
97.1,34.541466,3.0,follow,6.24032,68.05252,13.471835
97.2,34.817604,3.0,follow,5.414353,67.640759,18.097358
97.3,35.093359,1.627641,follow,3.081385,65.721424,16.055622
97.4,35.231492,3.0,follow,9.891036,72.738274,13.850973
97.5,35.506667,-8.0,follow,3.407607,66.667608,13.369172
97.6,34.681452,3.0,follow,8.797284,70.819462,15.66299
97.7,34.957396,3.0,follow,8.907628,71.343723,32.916786
97.8,35.232956,3.0,follow,6.560993,69.410427,21.272254
97.9,35.508129,-8.0,follow,1.507421,64.769614,19.758106
98.0,34.682912,3.0,follow,4.836955,66.861323,22.191593
98.1,34.958854,3.0,follow,2.767156,65.205438,12.889369
98.2,35.234412,-8.0,follow,-0.659621,62.191997,12.891105
98.3,34.409582,3.0,follow,3.846665,65.461038,21.051392
98.4,34.685902,-8.0,follow,-1.396405,60.632448,12.088045
98.5,33.86184,3.0,follow,6.523504,67.316264,27.455409
98.6,34.138907,-8.0,follow,0.894012,62.102373,16.972929
98.7,33.315598,3.0,follow,3.827417,63.800814,21.227328
98.8,33.593399,3.0,follow,3.361374,63.751474,27.204698
98.9,33.870829,-8.0,follow,1.008147,61.814391,21.236008
99.0,33.047884,3.0,follow,4.507776,64.079602,22.266218
99.1,33.326041,-8.0,follow,0.657936,60.646998,33.395167
99.2,32.503829,3.0,follow,5.670872,64.426615,20.824235
99.3,32.782699,-8.0,follow,-1.555703,57.618345,30.767547
99.4,31.961205,3.0,follow,3.890418,61.832225,55.14803
99.5,32.240774,3.0,follow,8.656986,67.018148,29.513347
99.6,32.519985,-8.0,follow,-0.723828,58.056149,28.740883
99.7,31.698834,3.0,follow,1.318015,58.866266,21.974586
99.8,31.978738,3.0,follow,4.260286,62.228392,59.336476
99.9,32.258285,3.0,follow,2.625136,61.012563,25.654019
100.0,32.537473,3.0,follow,2.462607,61.268816,20.372193
100.1,32.816299,3.0,follow,2.172738,61.397186,31.873132
100.2,33.094761,3.0,follow,1.885569,61.52771,16.086681
100.3,33.372856,3.0,follow,2.531141,62.590425,13.086413
100.4,33.650581,-8.0,follow,-0.335505,60.140366,11.475897
100.5,32.827933,3.0,follow,-1.344327,57.897573,22.812881
100.6,33.10638,3.0,follow,0.632365,60.291935,13.261526
100.7,33.384459,3.0,follow,3.4868,63.563489,29.231859
100.8,33.662169,-8.0,follow,-3.350981,57.142272,9.665196
100.9,32.839506,-8.0,follow,-4.940937,54.318322,30.353807
101.0,32.017937,3.0,follow,2.234622,60.261528,25.886232
101.1,32.297434,-8.0,follow,-2.114367,56.331785,19.177206
101.2,31.476572,-8.0,follow,-7.165731,50.049127,19.576655
101.3,30.656756,3.0,follow,2.908317,58.893452,61.555321
101.4,30.93796,-8.0,follow,-1.772284,54.634656,32.75538
101.5,30.118817,3.0,follow,0.694549,55.872774,inf
101.6,30.400674,3.0,follow,1.426696,57.027707,51.811636
101.7,30.68219,3.0,follow,0.436203,56.459488,40.265228
101.8,30.963362,3.0,follow,1.383109,57.828152,26.485831
101.9,31.244187,-8.0,follow,-2.652548,54.213733,24.157402
102.0,30.424663,3.0,follow,1.259272,56.896266,49.275206
102.1,30.70615,-8.0,follow,-1.623573,54.435651,16.769296
102.2,29.887293,3.0,follow,2.480983,57.311922,26.566596
102.3,30.169428,3.0,follow,1.570838,56.824979,83.636545
102.4,30.451224,-8.0,follow,-3.611979,52.064857,34.68161
102.5,29.632678,3.0,follow,3.532572,57.981589,55.608326
102.6,29.915116,-8.0,follow,-1.807597,53.065078,44.401602
102.7,29.097218,3.0,follow,3.369529,57.015356,387.285203
102.8,29.380285,3.0,follow,1.5719,55.642327,44.862532
102.9,29.663021,3.0,follow,5.401494,59.896025,33.592439
103.0,29.945423,-8.0,follow,-1.261652,53.656483,42.069555
103.1,29.127489,3.0,follow,-0.477499,53.213734,35.066975
103.2,29.41052,3.0,follow,-0.008098,54.107682,81.916753
103.3,29.693221,3.0,follow,-1.401471,53.13836,19.024046
103.4,29.975587,3.0,follow,1.292421,56.255801,69.83206
103.5,30.257616,-8.0,follow,-6.486385,48.90004,30.41773
103.6,29.439306,3.0,follow,-3.69785,50.461109,49.505366
103.7,29.721972,3.0,follow,-4.324047,50.258912,67.736903
103.8,30.004304,3.0,follow,1.067025,56.073481,111.189736
103.9,30.286299,3.0,follow,2.675402,58.104851,41.913641
104.0,30.567954,-8.0,follow,-3.368875,52.483056,12.744935
104.1,29.749266,3.0,follow,-2.50577,52.118129,18.164272
104.2,30.031566,3.0,follow,-2.417376,52.629973,19.84864
104.3,30.313528,3.0,follow,0.148328,55.61862,22.761607
104.4,30.59515,-8.0,follow,-6.728619,49.164105,20.78689
104.5,29.776428,3.0,follow,-2.23818,52.426462,19.961124
104.6,30.058696,3.0,follow,-0.702451,54.385593,24.735389
104.7,30.340625,-8.0,follow,-2.789408,52.72153,15.876989
104.8,29.522214,3.0,follow,-2.669012,51.614309,21.221121
104.9,29.804783,3.0,follow,-0.903344,53.80383,15.75615
105.0,30.087016,-8.0,follow,-12.550396,42.580129,12.721817
105.1,29.268912,3.0,follow,-1.48013,52.423238,17.898538
105.2,29.551778,-8.0,follow,-6.054608,48.27306,16.35389
105.3,28.734312,-8.0,follow,-8.44184,44.659629,85.177541
105.4,27.917799,3.0,follow,-0.33385,51.542849,36.874291
105.5,28.202211,3.0,follow,1.709311,54.012628,inf
105.6,28.486304,-8.0,follow,-3.310458,49.418997,55.758538
105.7,27.670074,3.0,follow,1.096878,52.60199,142.139001
105.8,27.954762,3.0,follow,2.559371,54.491514,35.048147
105.9,28.239132,3.0,follow,1.128902,53.4876,86.391236
106.0,28.523183,3.0,follow,1.535507,54.320282,27.253029
106.1,28.806912,-8.0,follow,-1.730777,51.479591,29.30118
106.2,27.990315,3.0,follow,-2.579913,49.405559,inf
106.3,28.274646,-8.0,follow,-8.103874,44.308095,29.447523
106.4,27.458657,3.0,follow,-2.920756,48.267229,inf
106.5,27.743577,-8.0,follow,-5.212495,46.402871,29.868403
106.6,26.928183,3.0,follow,4.932778,55.325053,214.286085
106.7,27.213681,-8.0,follow,-2.496836,48.323685,inf
106.8,26.398869,3.0,follow,-0.359505,49.238798,164.750488
106.9,26.684931,3.0,follow,0.472909,50.500305,inf
107.0,26.970689,-8.0,follow,-1.487798,48.968236,inf
107.1,26.156141,3.0,follow,4.658411,53.892622,345.153942
107.2,26.442458,-8.0,follow,-2.620311,47.043376,inf
107.3,25.628474,3.0,follow,1.097818,49.540529,inf
107.4,25.915338,-8.0,follow,-2.059011,46.813995,inf
107.5,25.101905,3.0,follow,-2.429054,45.223805,492.068995
107.6,25.389303,3.0,follow,-0.664081,47.419874,inf
107.7,25.676411,3.0,follow,0.657617,49.172233,inf
107.8,25.963225,3.0,follow,-0.903928,48.040911,inf
107.9,26.249744,3.0,follow,-2.128679,47.245936,inf
108.0,26.535963,-8.0,follow,-4.706604,45.09734,113.892916
108.1,25.721879,3.0,follow,0.452333,49.035152,60.397081
108.2,26.008647,-8.0,follow,-4.173684,44.839287,inf
108.3,25.195118,3.0,follow,3.817098,51.609775,inf
108.4,25.482422,-8.0,follow,1.4229,49.646533,inf
108.5,24.669435,-8.0,follow,-1.794563,45.20959,inf
108.6,23.857264,3.0,follow,3.022968,48.808863,inf
108.7,24.14588,3.0,follow,1.435455,47.654275,inf
108.8,24.43422,3.0,follow,4.294524,50.945853,inf
108.9,24.722279,3.0,follow,6.970207,54.053625,122.216083
109.0,25.010055,-8.0,follow,-2.907463,44.60762,inf
109.1,24.197545,3.0,follow,4.331547,50.627865,inf
109.2,24.485835,3.0,follow,3.19553,49.924282,inf
109.3,24.773844,3.0,follow,5.286132,52.446897,133.166772
109.4,25.061569,3.0,follow,3.533387,51.125741,87.910038
109.5,25.349007,-8.0,follow,0.247329,48.27084,inf
109.6,24.536156,3.0,follow,2.827991,49.632224,inf
109.7,24.824115,3.0,follow,1.02364,48.259813,inf
109.8,25.111791,3.0,follow,6.135948,53.803634,inf
109.9,25.399179,-8.0,follow,2.554948,50.653716,153.879158
110.0,24.586276,3.0,follow,9.390674,56.270088,inf
110.1,24.874186,-8.0,follow,3.17139,50.48267,160.677414
110.2,24.061812,3.0,follow,2.57877,48.671488,inf
110.3,24.350233,-8.0,follow,-0.178884,46.346465,inf
110.4,23.538374,3.0,follow,0.320067,45.627628,inf
110.5,23.827293,3.0,follow,0.633959,46.374898,inf
110.6,24.115938,3.0,follow,5.744398,51.918305,inf
110.7,24.404306,3.0,follow,6.051414,52.657874,504.838342
110.8,24.692395,-8.0,follow,-0.544958,46.493635,inf
110.9,23.880201,3.0,follow,8.055313,53.875614,inf
111.0,24.168795,-8.0,follow,3.600542,49.853735,inf
111.1,23.357113,3.0,follow,6.792354,51.828024,inf
111.2,23.646202,3.0,follow,10.779101,56.248403,inf
111.3,23.935019,3.0,follow,8.282373,54.184902,inf
111.4,24.223561,-8.0,follow,4.432204,50.767545,inf
111.5,23.411826,3.0,follow,3.898625,49.016363,202.693068
111.6,23.700863,-8.0,follow,-0.200018,45.351277,inf
111.7,22.889629,3.0,follow,5.387871,49.722314,inf
111.8,23.17915,3.0,follow,6.560674,51.329399,inf
111.9,23.468404,-5.89334,follow,3.889952,49.092558,inf
112.0,22.868055,3.0,follow,7.44867,51.750753,inf
112.1,23.157596,3.0,follow,7.718599,52.454993,inf
112.2,23.446871,3.0,follow,6.455,51.625306,inf
112.3,23.735876,3.0,follow,4.777905,50.381718,345.374422
112.4,24.024608,3.0,follow,6.757346,52.794258,96.939956
112.5,24.313064,3.0,follow,7.073355,53.542951,inf
112.6,24.601242,-8.0,follow,2.045965,48.947827,inf
112.7,23.789137,3.0,follow,10.635208,56.318913,110.616367
112.8,24.077819,-8.0,follow,5.719403,51.836132,66.64294
112.9,23.266224,3.0,follow,7.320173,52.219509,inf
113.0,23.555398,3.0,follow,8.925873,54.258969,53.967672
113.1,23.8443,3.0,follow,7.058089,52.824539,50.583659
113.2,24.132929,3.0,follow,8.686852,54.886246,38.303522
113.3,24.421282,3.0,follow,6.192196,52.824118,32.783916
113.4,24.709354,-8.0,follow,2.974153,50.038183,35.007562
113.5,23.897142,3.0,follow,7.012755,52.858469,108.507203
113.6,24.185721,-8.0,follow,2.056315,48.334897,inf
113.7,23.374022,3.0,follow,6.946461,52.007494,56.899607
113.8,23.663095,3.0,follow,6.051542,51.546185,inf
113.9,23.951896,3.0,follow,5.023151,50.950995,48.43728
114.0,24.240422,3.0,follow,4.711319,51.071953,40.200764
114.1,24.52867,-8.0,follow,-1.04392,45.749086,40.895945
114.2,23.716637,3.0,follow,4.037466,49.612422,31.268911
114.3,24.005388,3.0,follow,5.383802,51.391883,57.396231
114.4,24.293863,3.0,follow,5.016703,51.457497,37.183964
114.5,24.582059,-8.0,follow,0.906203,47.779291,32.022392
114.6,23.769973,3.0,follow,8.792334,54.447294,62.585023
114.7,24.058673,-8.0,follow,1.943417,48.031427,inf
114.8,23.247097,3.0,follow,8.521072,53.391717,49.570036
114.9,23.536288,3.0,follow,6.393656,51.698088,38.400466
115.0,23.825209,-8.0,follow,2.672754,48.410567,27.739125
115.1,23.013856,3.0,follow,10.978398,55.499182,59.430122
115.2,23.303263,-8.0,follow,1.71896,46.673855,35.007229
115.3,22.492402,3.0,follow,9.156011,52.894615,inf
115.4,22.782284,3.0,follow,8.92796,53.101387,inf
115.5,23.071904,-8.0,follow,3.486341,48.094196,40.015017
115.6,22.261257,3.0,follow,10.791184,54.183071,88.641983
115.7,22.551346,-8.0,follow,5.480917,49.307936,539.792115
115.8,21.741175,3.0,follow,8.337056,50.948818,4559.221661
115.9,22.031721,3.0,follow,7.828064,50.875646,inf
116.0,22.322013,3.0,follow,6.205425,49.688445,258.775943
116.1,22.612048,3.0,follow,8.499168,52.41724,31.537743
116.2,22.901822,3.0,follow,7.929325,52.282058,inf
116.3,23.191332,-8.0,follow,-0.124073,44.662925,276.838639
116.4,22.380575,3.0,follow,10.039004,53.609867,54.671856
116.5,22.670557,-8.0,follow,0.776975,44.782811,38.25768
116.6,21.860278,3.0,follow,9.931366,52.721784,inf
116.7,22.150721,3.0,follow,9.73063,52.956712,188.64542
116.8,22.440908,-8.0,follow,2.696259,46.357621,112.817571
116.9,21.630836,3.0,follow,5.908283,48.354537,inf
117.0,21.921478,3.0,follow,3.395172,46.277389,87.073
117.1,22.211867,3.0,follow,5.518402,48.836203,38.397255
117.2,22.502,3.0,follow,4.708003,48.461003,24.327816
117.3,22.791873,3.0,follow,7.344006,51.531815,26.953578
117.4,23.081484,3.0,follow,8.306442,52.928667,29.3806
117.5,23.370828,3.0,follow,7.915342,52.971584,54.006984
117.6,23.659904,-8.0,follow,1.480737,46.970594,16.835915
117.7,22.848709,3.0,follow,3.57266,47.845723,30.695744
117.8,23.138267,-8.0,follow,-1.390505,43.316896,21.148067
117.9,22.32756,3.0,follow,2.2928,45.78414,86.784738
118.0,22.617589,3.0,follow,6.920997,50.847381,1843.003036
118.1,22.907358,3.0,follow,8.215608,52.576645,22.98575
118.2,23.196863,-8.0,follow,-0.823336,43.971959,16.867765
118.3,22.386101,3.0,follow,2.134197,45.713349,51.589293
118.4,22.676079,3.0,follow,3.186623,47.200741,32.640506
118.5,22.965795,3.0,follow,3.43547,47.884162,44.928131
118.6,23.255246,-8.0,follow,-0.439232,44.443637,20.245401
118.7,22.44443,3.0,follow,4.232549,47.899194,23.778039
118.8,22.734355,-8.0,follow,0.959226,45.060759,25.539509
118.9,21.924018,3.0,follow,3.39233,46.278357,66.681792
119.0,22.214405,3.0,follow,4.450309,47.771916,39.337726
119.1,22.504535,3.0,follow,2.22466,45.981463,26.357431
119.2,22.794406,3.0,follow,0.265413,44.457022,25.485479
119.3,23.084014,3.0,follow,0.522599,45.148621,22.306474
119.4,23.373357,3.0,follow,-0.14375,44.916285,20.111558
119.5,23.662431,3.0,follow,-1.743604,43.750042,14.475119
119.6,23.951232,3.0,follow,-2.20693,43.719919,11.352189
119.7,24.239759,3.0,follow,2.416304,48.775943,12.19472
119.8,24.528008,-8.0,follow,-1.49387,45.298142,12.249337
119.9,23.715975,-4.353583,follow,-3.157418,42.416545,10.206159
120.0,23.269368,3.0,cruise,,-29.535392,0.0
120.1,23.558539,3.0,cruise,,-32.141246,0.0
120.2,23.847439,3.0,cruise,,-33.01599,0.0
120.3,24.136065,3.0,cruise,,-35.519596,0.0
120.4,24.424414,3.0,cruise,,-37.852038,0.0
120.5,24.712483,3.0,cruise,,-39.673286,0.0
120.6,25.000269,3.0,cruise,,-42.863313,0.0
120.7,25.287768,3.0,cruise,,-44.88209,0.0
120.8,25.574979,3.0,cruise,,-47.219588,0.0
120.9,25.861897,3.0,cruise,,-49.135777,0.0
121.0,26.148521,3.0,cruise,,-51.180629,0.0
121.1,26.434846,3.0,cruise,,-53.724114,0.0
121.2,26.72087,3.0,cruise,,-56.836201,0.0
121.3,27.006589,3.0,cruise,,-59.63686,0.0
121.4,27.292002,3.0,cruise,,-62.57606,0.0
121.5,27.577105,3.0,cruise,,-65.003771,0.0
121.6,27.861895,3.0,cruise,,-67.48996,0.0
121.7,28.14637,3.0,cruise,,-69.044597,0.0
121.8,28.430525,3.0,cruise,,-70.15765,0.0
121.9,28.714359,3.0,cruise,,-71.219086,0.0
122.0,28.997869,3.0,cruise,,-72.408873,0.0
122.1,29.281052,1.763651,cruise,,-72.936978,0.0
122.2,29.440269,2.969771,cruise,,-74.181005,0.0
122.3,29.719912,-1.67559,cruise,,-74.712996,0.0
122.4,29.534687,3.0,cruise,,-74.836465,0.0
122.5,29.817241,-2.51181,cruise,,-76.028189,0.0
122.6,29.548279,3.0,cruise,,-76.923017,0.0
122.7,29.830817,-2.619473,cruise,,-76.446098,0.0
122.8,29.551072,3.0,cruise,,-76.061205,0.0
122.9,29.833607,-2.64111,cruise,,-75.784566,0.0
123.0,29.551695,3.0,cruise,,-77.479736,0.0
123.1,29.834229,-2.645458,cruise,,-76.633158,0.0
123.2,29.551881,3.0,cruise,,-77.208347,0.0
123.3,29.834415,-2.64633,cruise,,-76.971788,0.0
123.4,29.55198,3.0,cruise,,-74.946986,0.0
123.5,29.834514,-2.646504,cruise,,-77.820437,0.0
123.6,29.552061,3.0,cruise,,-76.295644,0.0
123.7,29.834595,-2.646538,cruise,,-75.889103,0.0
123.8,29.552139,3.0,cruise,,-75.024317,0.0
123.9,29.834672,-2.646543,cruise,,-75.577784,0.0
124.0,29.552216,3.0,cruise,,-74.973006,0.0
124.1,29.834749,-2.646543,cruise,,-75.256481,0.0
124.2,29.552293,3.0,cruise,,-74.07171,0.0
124.3,29.834826,-2.646542,cruise,,-74.225193,0.0
124.4,29.552369,3.0,cruise,,-72.53043,0.0
124.5,29.834903,-2.64654,cruise,,-73.07392,0.0
124.6,29.552446,3.0,cruise,,-71.469164,0.0
124.7,29.834979,-2.646539,cruise,,-71.262662,0.0
124.8,29.552523,3.0,cruise,,-68.927915,0.0
124.9,29.835056,-2.646537,cruise,,-69.68142,0.0
125.0,29.552599,3.0,cruise,,-71.24668,0.0
125.1,29.835132,-2.646535,cruise,,-65.940193,0.0
125.2,29.552676,3.0,cruise,,-68.175461,0.0
125.3,29.835209,-2.646534,cruise,,-66.808982,0.0
125.4,29.552753,3.0,cruise,,-65.654257,0.0
125.5,29.835285,-2.646532,cruise,,-61.307786,0.0
125.6,29.552829,3.0,cruise,,-66.003069,0.0
125.7,29.835362,-2.646531,cruise,,-55.706605,0.0
125.8,29.552906,3.0,cruise,,-57.981895,0.0
125.9,29.835438,-2.646529,cruise,,-58.145439,0.0
126.0,29.552982,3.0,cruise,,-57.260737,0.0
126.1,29.835515,-2.646527,cruise,,-55.194289,0.0
126.2,29.553059,3.0,cruise,,-53.229595,0.0
126.3,29.835591,-2.646526,cruise,,-51.433154,0.0
126.4,29.553135,3.0,cruise,,-50.048468,0.0
126.5,29.835668,-2.646524,cruise,,-49.482034,0.0
126.6,29.553212,3.0,cruise,,-48.057355,0.0
126.7,29.835744,-2.646522,cruise,,-45.95093,0.0
126.8,29.553288,3.0,cruise,,-44.006259,0.0
126.9,29.83582,-2.646521,cruise,,-38.899841,0.0
127.0,29.553365,3.0,cruise,,-38.085177,0.0
127.1,29.835897,-2.646519,cruise,,-44.718767,0.0
127.2,29.553441,3.0,cruise,,-33.794111,0.0
127.3,29.835973,-2.646518,cruise,,-32.927708,0.0
127.4,29.553518,3.0,cruise,,-31.43306,0.0
127.5,29.83605,-2.646516,cruise,,-30.416665,0.0
127.6,29.553594,3.0,cruise,,-24.222025,0.0
127.7,29.836126,-2.646514,cruise,,-22.635637,0.0
127.8,29.55367,3.0,cruise,,-25.491004,0.0
127.9,29.836202,-2.646513,cruise,,-20.044624,0.0
128.0,29.553747,3.0,cruise,,-22.109999,0.0
128.1,29.836278,-2.646511,cruise,,-21.403627,0.0
128.2,29.553823,3.0,cruise,,-17.099009,0.0
128.3,29.836355,-2.646509,cruise,,-10.382645,0.0
128.4,29.5539,3.0,cruise,,-7.988035,0.0
128.5,29.836431,-2.646508,cruise,,-7.371678,0.0
128.6,29.553976,3.0,cruise,,-4.577075,0.0
128.7,29.836507,-2.646506,cruise,,-3.230726,0.0
128.8,29.554052,3.0,cruise,,-5.186131,0.0
128.9,29.836583,-8.0,follow,-54.164664,0.59021,inf
129.0,29.018779,-8.0,follow,-49.489836,4.038333,inf
129.1,28.201937,-8.0,follow,-46.204767,6.098139,145.411779
129.2,27.38603,-8.0,follow,-41.059509,10.019536,inf
129.3,26.57103,-8.0,follow,-39.234112,10.622433,inf
129.4,25.75691,-8.0,follow,-36.918623,11.716742,inf
129.5,24.943641,3.0,follow,-30.373084,17.042378,inf
129.6,25.231198,-8.0,follow,-32.607539,15.239258,inf
129.7,24.418465,-8.0,follow,-32.270287,14.357411,inf
129.8,23.60654,3.0,follow,-25.533053,19.876757,inf
129.9,23.895395,-8.0,follow,-25.765874,20.077218,inf
130.0,23.083975,3.0,cruise,,,
130.1,23.373318,3.0,cruise,,,
130.2,23.662391,3.0,cruise,,,
130.3,23.951193,3.0,cruise,,,
130.4,24.23972,3.0,cruise,,,
130.5,24.527969,3.0,cruise,,,
130.6,24.815936,3.0,cruise,,,
130.7,25.10362,3.0,cruise,,,
130.8,25.391016,3.0,cruise,,,
130.9,25.678122,3.0,cruise,,,
131.0,25.964934,3.0,cruise,,,
131.1,26.251451,3.0,cruise,,,
131.2,26.537668,3.0,cruise,,,
131.3,26.823583,3.0,cruise,,,
131.4,27.109193,3.0,cruise,,,
131.5,27.394495,3.0,cruise,,,
131.6,27.679486,3.0,cruise,,,
131.7,27.964163,3.0,cruise,,,
131.8,28.248523,3.0,cruise,,,
131.9,28.532563,3.0,cruise,,,
132.0,28.816281,3.0,cruise,,,
132.1,29.099674,3.0,cruise,,,
132.2,29.382738,1.059804,cruise,,,
132.3,29.471451,3.0,cruise,,,
132.4,29.75408,-1.901449,cruise,,,
132.5,29.546229,3.0,cruise,,,
132.6,29.828769,-2.496574,cruise,,,
132.7,29.561317,3.0,cruise,,,
132.8,29.843839,-2.616183,cruise,,,
132.9,29.564408,3.0,cruise,,,
133.0,29.846927,-2.640221,cruise,,,
133.1,29.565088,3.0,cruise,,,
133.2,29.847606,-2.645052,cruise,,,
133.3,29.565283,3.0,cruise,,,
133.4,29.847801,-2.646021,cruise,,,
133.5,29.565381,3.0,cruise,,,
133.6,29.847899,-2.646215,cruise,,,
133.7,29.56546,3.0,cruise,,,
133.8,29.847977,-2.646252,cruise,,,
133.9,29.565534,3.0,cruise,,,
134.0,29.848052,-2.646259,cruise,,,
134.1,29.565608,3.0,cruise,,,
134.2,29.848125,-2.646259,cruise,,,
134.3,29.565681,3.0,cruise,,,
134.4,29.848198,-2.646257,cruise,,,
134.5,29.565754,3.0,cruise,,,
134.6,29.848272,-2.646256,cruise,,,
134.7,29.565828,3.0,cruise,,,
134.8,29.848345,-2.646254,cruise,,,
134.9,29.565901,3.0,cruise,,,
135.0,29.848418,-2.646253,cruise,,,
135.1,29.565974,3.0,cruise,,,
135.2,29.848491,-2.646251,cruise,,,
135.3,29.566048,3.0,cruise,,,
135.4,29.848565,-2.64625,cruise,,,
135.5,29.566121,3.0,cruise,,,
135.6,29.848638,-2.646248,cruise,,,
135.7,29.566194,3.0,cruise,,,
135.8,29.848711,-2.646247,cruise,,,
135.9,29.566267,3.0,cruise,,,
136.0,29.848784,-2.646245,cruise,,,
136.1,29.566341,3.0,cruise,,,
136.2,29.848857,-2.646244,cruise,,,
136.3,29.566414,3.0,cruise,,,
136.4,29.84893,-2.646242,cruise,,,
136.5,29.566487,3.0,cruise,,,
136.6,29.849003,-2.64624,cruise,,,
136.7,29.56656,3.0,cruise,,,
136.8,29.849077,-2.646239,cruise,,,
136.9,29.566633,3.0,cruise,,,
137.0,29.84915,-2.646237,cruise,,,
137.1,29.566706,3.0,cruise,,,
137.2,29.849223,-2.646236,cruise,,,
137.3,29.566779,3.0,cruise,,,
137.4,29.849296,-2.646234,cruise,,,
137.5,29.566853,3.0,cruise,,,
137.6,29.849369,-2.646233,cruise,,,
137.7,29.566926,3.0,cruise,,,
137.8,29.849442,-2.646231,cruise,,,
137.9,29.566999,3.0,cruise,,,
138.0,29.849515,-2.64623,cruise,,,
138.1,29.567072,3.0,cruise,,,
138.2,29.849587,-2.646228,cruise,,,
138.3,29.567145,3.0,cruise,,,
138.4,29.84966,-2.646226,cruise,,,
138.5,29.567218,3.0,cruise,,,
138.6,29.849733,-2.646225,cruise,,,
138.7,29.567291,3.0,cruise,,,
138.8,29.849806,-2.646223,cruise,,,
138.9,29.567364,3.0,cruise,,,
139.0,29.849879,-2.646222,cruise,,,
139.1,29.567437,3.0,cruise,,,
139.2,29.849952,-2.64622,cruise,,,
139.3,29.567509,3.0,cruise,,,
139.4,29.850025,-2.646219,cruise,,,
139.5,29.567582,3.0,cruise,,,
139.6,29.850098,-2.646217,cruise,,,
139.7,29.567655,3.0,cruise,,,
139.8,29.85017,-2.646216,cruise,,,
139.9,29.567728,3.0,cruise,,,
140.0,29.850243,-2.646214,cruise,,,
140.1,29.567801,3.0,cruise,,,
140.2,29.850316,-2.646213,cruise,,,
140.3,29.567874,3.0,cruise,,,
140.4,29.850389,-2.646211,cruise,,,
140.5,29.567947,3.0,cruise,,,
140.6,29.850461,-2.646209,cruise,,,
140.7,29.568019,3.0,cruise,,,
140.8,29.850534,-2.646208,cruise,,,
140.9,29.568092,3.0,cruise,,,
141.0,29.850607,-2.646206,cruise,,,
141.1,29.568165,3.0,cruise,,,
141.2,29.850679,-2.646205,cruise,,,
141.3,29.568238,3.0,cruise,,,
141.4,29.850752,-2.646203,cruise,,,
141.5,29.56831,3.0,cruise,,,
141.6,29.850825,-2.646202,cruise,,,
141.7,29.568383,3.0,cruise,,,
141.8,29.850897,-2.6462,cruise,,,
141.9,29.568456,3.0,cruise,,,
142.0,29.85097,-2.646199,cruise,,,
142.1,29.568528,3.0,cruise,,,
142.2,29.851042,-2.646197,cruise,,,
142.3,29.568601,3.0,cruise,,,
142.4,29.851115,-2.646196,cruise,,,
142.5,29.568674,3.0,cruise,,,
142.6,29.851188,-2.646194,cruise,,,
142.7,29.568746,3.0,cruise,,,
142.8,29.85126,-2.646192,cruise,,,
142.9,29.568819,3.0,cruise,,,
143.0,29.851333,-2.646191,cruise,,,
143.1,29.568891,3.0,cruise,,,
143.2,29.851405,-2.646189,cruise,,,
143.3,29.568964,3.0,cruise,,,
143.4,29.851477,-2.646188,cruise,,,
143.5,29.569037,3.0,cruise,,,
143.6,29.85155,-2.646186,cruise,,,
143.7,29.569109,3.0,cruise,,,
143.8,29.851622,-2.646185,cruise,,,
143.9,29.569182,3.0,cruise,,,
144.0,29.851695,-2.646183,cruise,,,
144.1,29.569254,3.0,cruise,,,
144.2,29.851767,-2.646182,cruise,,,
144.3,29.569326,3.0,cruise,,,
144.4,29.85184,-2.64618,cruise,,,
144.5,29.569399,3.0,cruise,,,
144.6,29.851912,-2.646179,cruise,,,
144.7,29.569471,3.0,cruise,,,
144.8,29.851984,-2.646177,cruise,,,
144.9,29.569544,3.0,cruise,,,
145.0,29.852057,-2.646175,cruise,,,
145.1,29.569616,3.0,cruise,,,
145.2,29.852129,-2.646174,cruise,,,
145.3,29.569688,3.0,cruise,,,
145.4,29.852201,-2.646172,cruise,,,
145.5,29.569761,3.0,cruise,,,
145.6,29.852273,-2.646171,cruise,,,
145.7,29.569833,3.0,cruise,,,
145.8,29.852346,-2.646169,cruise,,,
145.9,29.569906,3.0,cruise,,,
146.0,29.852418,-2.646168,cruise,,,
146.1,29.569978,3.0,cruise,,,
146.2,29.85249,-2.646166,cruise,,,
146.3,29.57005,3.0,cruise,,,
146.4,29.852562,-2.646165,cruise,,,
146.5,29.570122,3.0,cruise,,,
146.6,29.852635,-2.646163,cruise,,,
146.7,29.570195,3.0,cruise,,,
146.8,29.852707,-2.646162,cruise,,,
146.9,29.570267,3.0,cruise,,,
147.0,29.852779,-2.64616,cruise,,,
147.1,29.570339,3.0,cruise,,,
147.2,29.852851,-2.646159,cruise,,,
147.3,29.570411,3.0,cruise,,,
147.4,29.852923,-2.646157,cruise,,,
147.5,29.570483,3.0,cruise,,,
147.6,29.852995,-2.646155,cruise,,,
147.7,29.570556,3.0,cruise,,,
147.8,29.853067,-2.646154,cruise,,,
147.9,29.570628,3.0,cruise,,,
148.0,29.853139,-2.646152,cruise,,,
148.1,29.5707,3.0,cruise,,,
148.2,29.853211,-2.646151,cruise,,,
148.3,29.570772,3.0,cruise,,,
148.4,29.853283,-2.646149,cruise,,,
148.5,29.570844,3.0,cruise,,,
148.6,29.853355,-2.646148,cruise,,,
148.7,29.570916,3.0,cruise,,,
148.8,29.853427,-2.646146,cruise,,,
148.9,29.570988,3.0,cruise,,,
149.0,29.853499,-2.646145,cruise,,,
149.1,29.57106,3.0,cruise,,,
149.2,29.853571,-2.646143,cruise,,,
149.3,29.571132,3.0,cruise,,,
149.4,29.853643,-2.646142,cruise,,,
149.5,29.571204,3.0,cruise,,,
149.6,29.853715,-2.64614,cruise,,,
149.7,29.571276,3.0,cruise,,,
149.8,29.853787,-2.646139,cruise,,,
149.9,29.571348,3.0,cruise,,,
150.0,29.853859,-2.646137,cruise,,,
