time,ego_speed,acceleration_cmd,mode,distance_error,distance,ttc
0.0,0.0,3.0,cruise,,,
0.1,0.3,3.0,cruise,,,
0.2,0.6,3.0,cruise,,,
0.3,0.9,3.0,cruise,,,
0.4,1.2,3.0,cruise,,,
0.5,1.5,3.0,cruise,,,
0.6,1.8,3.0,cruise,,,
0.7,2.1,3.0,cruise,,,
0.8,2.4,3.0,cruise,,,
0.9,2.7,3.0,cruise,,,
1.0,3.0,3.0,cruise,,,
1.1,3.3,3.0,cruise,,,
1.2,3.6,3.0,cruise,,,
1.3,3.9,3.0,cruise,,,
1.4,4.2,3.0,cruise,,,
1.5,4.5,3.0,cruise,,,
1.6,4.8,3.0,cruise,,,
1.7,5.1,3.0,cruise,,,
1.8,5.4,3.0,cruise,,,
1.9,5.7,3.0,cruise,,,
2.0,6.0,3.0,cruise,,,
2.1,6.3,3.0,cruise,,,
2.2,6.6,3.0,cruise,,,
2.3,6.9,3.0,cruise,,,
2.4,7.2,3.0,cruise,,,
2.5,7.5,3.0,cruise,,,
2.6,7.8,3.0,cruise,,,
2.7,8.1,3.0,cruise,,,
2.8,8.4,3.0,cruise,,,
2.9,8.7,3.0,cruise,,,
3.0,9.0,3.0,cruise,,,
3.1,9.3,3.0,cruise,,,
3.2,9.6,3.0,cruise,,,
3.3,9.9,3.0,cruise,,,
3.4,10.2,3.0,cruise,,,
3.5,10.5,3.0,cruise,,,
3.6,10.8,3.0,cruise,,,
3.7,11.1,3.0,cruise,,,
3.8,11.4,3.0,cruise,,,
3.9,11.7,3.0,cruise,,,
4.0,12.0,3.0,cruise,,,
4.1,12.3,3.0,cruise,,,
4.2,12.6,3.0,cruise,,,
4.3,12.9,3.0,cruise,,,
4.4,13.2,3.0,cruise,,,
4.5,13.5,3.0,cruise,,,
4.6,13.8,3.0,cruise,,,
4.7,14.1,3.0,cruise,,,
4.8,14.4,3.0,cruise,,,
4.9,14.7,3.0,cruise,,,
5.0,15.0,3.0,cruise,,,
5.1,15.3,3.0,cruise,,,
5.2,15.6,3.0,cruise,,,
5.3,15.9,3.0,cruise,,,
5.4,16.2,3.0,cruise,,,
5.5,16.5,3.0,cruise,,,
5.6,16.8,3.0,cruise,,,
5.7,17.1,3.0,cruise,,,
5.8,17.4,3.0,cruise,,,
5.9,17.7,3.0,cruise,,,
6.0,18.0,3.0,cruise,,,
6.1,18.3,3.0,cruise,,,
6.2,18.6,3.0,cruise,,,
6.3,18.9,3.0,cruise,,,
6.4,19.2,3.0,cruise,,,
6.5,19.5,3.0,cruise,,,
6.6,19.8,3.0,cruise,,,
6.7,20.1,3.0,cruise,,,
6.8,20.4,3.0,cruise,,,
6.9,20.7,3.0,cruise,,,
7.0,21.0,3.0,cruise,,,
7.1,21.3,3.0,cruise,,,
7.2,21.6,3.0,cruise,,,
7.3,21.9,3.0,cruise,,,
7.4,22.2,3.0,cruise,,,
7.5,22.5,3.0,cruise,,,
7.6,22.8,3.0,cruise,,,
7.7,23.1,3.0,cruise,,,
7.8,23.4,3.0,cruise,,,
7.9,23.7,3.0,cruise,,,
8.0,24.0,3.0,cruise,,,
8.1,24.3,3.0,cruise,,,
8.2,24.6,3.0,cruise,,,
8.3,24.9,3.0,cruise,,,
8.4,25.2,3.0,cruise,,,
8.5,25.5,3.0,cruise,,,
8.6,25.8,3.0,cruise,,,
8.7,26.1,3.0,cruise,,,
8.8,26.4,3.0,cruise,,,
8.9,26.7,3.0,cruise,,,
9.0,27.0,3.0,cruise,,,
9.1,27.3,3.0,cruise,,,
9.2,27.6,3.0,cruise,,,
9.3,27.9,3.0,cruise,,,
9.4,28.2,3.0,cruise,,,
9.5,28.5,3.0,cruise,,,
9.6,28.8,3.0,cruise,,,
9.7,29.1,3.0,cruise,,,
9.8,29.4,3.0,cruise,,,
9.9,29.7,1.5,cruise,,,
10.0,29.85,0.75,cruise,,,
10.1,29.93,0.38,cruise,,,
10.2,29.96,0.19,cruise,,,
10.3,29.98,0.09,cruise,,,
10.4,29.99,0.05,cruise,,,
10.5,30.0,0.02,cruise,,,
10.6,30.0,0.01,cruise,,,
10.7,30.0,0.01,cruise,,,
10.8,30.0,0.0,cruise,,,
10.9,30.0,0.0,cruise,,,
11.0,30.0,0.0,cruise,,,
11.1,30.0,0.0,cruise,,,
11.2,30.0,0.0,cruise,,,
11.3,30.0,0.0,cruise,,,
11.4,30.0,0.0,cruise,,,
11.5,30.0,0.0,cruise,,,
11.6,30.0,0.0,cruise,,,
11.7,30.0,0.0,cruise,,,
11.8,30.0,0.0,cruise,,,
11.9,30.0,0.0,cruise,,,
12.0,30.0,0.0,cruise,,,
12.1,30.0,0.0,cruise,,,
12.2,30.0,-0.0,cruise,,,
12.3,30.0,-0.0,cruise,,,
12.4,30.0,-0.0,cruise,,,
12.5,30.0,-0.0,cruise,,,
12.6,30.0,-0.0,cruise,,,
12.7,30.0,-0.0,cruise,,,
12.8,30.0,-0.0,cruise,,,
12.9,30.0,-0.0,cruise,,,
13.0,30.0,-0.0,cruise,,,
13.1,30.0,-0.0,cruise,,,
13.2,30.0,-0.0,cruise,,,
13.3,30.0,-0.0,cruise,,,
13.4,30.0,-0.0,cruise,,,
13.5,30.0,-0.0,cruise,,,
13.6,30.0,-0.0,cruise,,,
13.7,30.0,-0.0,cruise,,,
13.8,30.0,-0.0,cruise,,,
13.9,30.0,-0.0,cruise,,,
14.0,30.0,-0.0,cruise,,,
14.1,30.0,-0.0,cruise,,,
14.2,30.0,-0.0,cruise,,,
14.3,30.0,-0.0,cruise,,,
14.4,30.0,-0.0,cruise,,,
14.5,30.0,-0.0,cruise,,,
14.6,30.0,-0.0,cruise,,,
14.7,30.0,-0.0,cruise,,,
14.8,30.0,-0.0,cruise,,,
14.9,30.0,-0.0,cruise,,,
15.0,30.0,-0.0,cruise,,,
15.1,30.0,-0.0,cruise,,,
15.2,30.0,-0.0,cruise,,,
15.3,30.0,-0.0,cruise,,,
15.4,30.0,-0.0,cruise,,,
15.5,30.0,-0.0,cruise,,,
15.6,30.0,-0.0,cruise,,,
15.7,30.0,-0.0,cruise,,,
15.8,30.0,-0.0,cruise,,,
15.9,30.0,-0.0,cruise,,,
16.0,30.0,-0.0,cruise,,,
16.1,30.0,-0.0,cruise,,,
16.2,30.0,-0.0,cruise,,,
16.3,30.0,-0.0,cruise,,,
16.4,30.0,-0.0,cruise,,,
16.5,30.0,-0.0,cruise,,,
16.6,30.0,-0.0,cruise,,,
16.7,30.0,-0.0,cruise,,,
16.8,30.0,-0.0,cruise,,,
16.9,30.0,-0.0,cruise,,,
17.0,30.0,-0.0,cruise,,,
17.1,30.0,-0.0,cruise,,,
17.2,30.0,-0.0,cruise,,,
17.3,30.0,-0.0,cruise,,,
17.4,30.0,-0.0,cruise,,,
17.5,30.0,-0.0,cruise,,,
17.6,30.0,-0.0,cruise,,,
17.7,30.0,-0.0,cruise,,,
17.8,30.0,-0.0,cruise,,,
17.9,30.0,-0.0,cruise,,,
18.0,30.0,-0.0,cruise,,,
18.1,30.0,-0.0,cruise,,,
18.2,30.0,-0.0,cruise,,,
18.3,30.0,-0.0,cruise,,,
18.4,30.0,-0.0,cruise,,,
18.5,30.0,-0.0,cruise,,,
18.6,30.0,-0.0,cruise,,,
18.7,30.0,-0.0,cruise,,,
18.8,30.0,-0.0,cruise,,,
18.9,30.0,-0.0,cruise,,,
19.0,30.0,-0.0,cruise,,,
19.1,30.0,-0.0,cruise,,,
19.2,30.0,-0.0,cruise,,,
19.3,30.0,-0.0,cruise,,,
19.4,30.0,-0.0,cruise,,,
19.5,30.0,-0.0,cruise,,,
19.6,30.0,-0.0,cruise,,,
19.7,30.0,-0.0,cruise,,,
19.8,30.0,-0.0,cruise,,,
19.9,30.0,-0.0,cruise,,,
20.0,30.0,-0.0,cruise,,,
20.1,30.0,-0.0,cruise,,,
20.2,30.0,-0.0,cruise,,,
20.3,30.0,-0.0,cruise,,,
20.4,30.0,-0.0,cruise,,,
20.5,30.0,-0.0,cruise,,,
20.6,30.0,-0.0,cruise,,,
20.7,30.0,-0.0,cruise,,,
20.8,30.0,-0.0,cruise,,,
20.9,30.0,-0.0,cruise,,,
21.0,30.0,-0.0,cruise,,,
21.1,30.0,-0.0,cruise,,,
21.2,30.0,-0.0,cruise,,,
21.3,30.0,-0.0,cruise,,,
21.4,30.0,-0.0,cruise,,,
21.5,30.0,-0.0,cruise,,,
21.6,30.0,-0.0,cruise,,,
21.7,30.0,-0.0,cruise,,,
21.8,30.0,-0.0,cruise,,,
21.9,30.0,-0.0,cruise,,,
22.0,30.0,-0.0,cruise,,,
22.1,30.0,-0.0,cruise,,,
22.2,30.0,-0.0,cruise,,,
22.3,30.0,-0.0,cruise,,,
22.4,30.0,-0.0,cruise,,,
22.5,30.0,-0.0,cruise,,,
22.6,30.0,-0.0,cruise,,,
22.7,30.0,-0.0,cruise,,,
22.8,30.0,-0.0,cruise,,,
22.9,30.0,-0.0,cruise,,,
23.0,30.0,-0.0,cruise,,,
23.1,30.0,-0.0,cruise,,,
23.2,30.0,-0.0,cruise,,,
23.3,30.0,-0.0,cruise,,,
23.4,30.0,-0.0,cruise,,,
23.5,30.0,-0.0,cruise,,,
23.6,30.0,-0.0,cruise,,,
23.7,30.0,-0.0,cruise,,,
23.8,30.0,-0.0,cruise,,,
23.9,30.0,-0.0,cruise,,,
24.0,30.0,-0.0,cruise,,,
24.1,30.0,-0.0,cruise,,,
24.2,30.0,-0.0,cruise,,,
24.3,30.0,-0.0,cruise,,,
24.4,30.0,-0.0,cruise,,,
24.5,30.0,-0.0,cruise,,,
24.6,30.0,-0.0,cruise,,,
24.7,30.0,-0.0,cruise,,,
24.8,30.0,-0.0,cruise,,,
24.9,30.0,-0.0,cruise,,,
25.0,30.0,-0.0,cruise,,,
25.1,30.0,-0.0,cruise,,,
25.2,30.0,-0.0,cruise,,,
25.3,30.0,-0.0,cruise,,,
25.4,30.0,-0.0,cruise,,,
25.5,30.0,-0.0,cruise,,,
25.6,30.0,-0.0,cruise,,,
25.7,30.0,-0.0,cruise,,,
25.8,30.0,-0.0,cruise,,,
25.9,30.0,-0.0,cruise,,,
26.0,30.0,-0.0,cruise,,,
26.1,30.0,-0.0,cruise,,,
26.2,30.0,-0.0,cruise,,,
26.3,30.0,-0.0,cruise,,,
26.4,30.0,-0.0,cruise,,,
26.5,30.0,-0.0,cruise,,,
26.6,30.0,-0.0,cruise,,,
26.7,30.0,-0.0,cruise,,,
26.8,30.0,-0.0,cruise,,,
26.9,30.0,-0.0,cruise,,,
27.0,30.0,-0.0,cruise,,,
27.1,30.0,-0.0,cruise,,,
27.2,30.0,-0.0,cruise,,,
27.3,30.0,-0.0,cruise,,,
27.4,30.0,-0.0,cruise,,,
27.5,30.0,-0.0,cruise,,,
27.6,30.0,-0.0,cruise,,,
27.7,30.0,-0.0,cruise,,,
27.8,30.0,-0.0,cruise,,,
27.9,30.0,-0.0,cruise,,,
28.0,30.0,-0.0,cruise,,,
28.1,30.0,-0.0,cruise,,,
28.2,30.0,-0.0,cruise,,,
28.3,30.0,-0.0,cruise,,,
28.4,30.0,-0.0,cruise,,,
28.5,30.0,-0.0,cruise,,,
28.6,30.0,-0.0,cruise,,,
28.7,30.0,-0.0,cruise,,,
28.8,30.0,-0.0,cruise,,,
28.9,30.0,-0.0,cruise,,,
29.0,30.0,-0.0,cruise,,,
29.1,30.0,-0.0,cruise,,,
29.2,30.0,-0.0,cruise,,,
29.3,30.0,-0.0,cruise,,,
29.4,30.0,-0.0,cruise,,,
29.5,30.0,-0.0,cruise,,,
29.6,30.0,-0.0,cruise,,,
29.7,30.0,-0.0,cruise,,,
29.8,30.0,-0.0,cruise,,,
29.9,30.0,-0.0,cruise,,,
30.0,30.0,-8.0,follow,-2.9,52.1,11.25
30.1,29.2,-8.0,follow,-2.08,51.72,12.03
30.2,28.4,-6.23,follow,-1.23,51.37,17.65
30.3,27.78,-2.73,follow,-0.53,51.14,31.23
30.4,27.5,-1.38,follow,-0.26,51.0,19.0
30.5,27.37,-1.63,follow,-0.3,50.75,19.92
30.6,27.2,-1.61,follow,-0.3,50.51,49.34
30.7,27.04,-0.84,follow,-0.14,50.42,34.48
30.8,26.96,-0.91,follow,-0.15,50.28,21.79
30.9,26.87,-1.35,follow,-0.24,50.06,34.35
31.0,26.73,-1.01,follow,-0.17,49.93,23.98
31.1,26.63,-1.25,follow,-0.22,49.73,25.09
31.2,26.51,-1.25,follow,-0.21,49.55,37.35
31.3,26.38,-0.92,follow,-0.15,49.43,17.58
31.4,26.29,-1.6,follow,-0.28,49.15,19.06
31.5,26.13,-1.62,follow,-0.28,48.91,31.58
31.6,25.97,-1.11,follow,-0.18,48.77,28.25
31.7,25.86,-1.09,follow,-0.17,48.61,78.97
31.8,25.75,-0.53,follow,-0.06,48.56,34.05
31.9,25.69,-0.82,follow,-0.12,48.42,27.62
32.0,25.61,-1.05,follow,-0.16,48.26,
32.1,25.51,0.04,follow,0.06,48.32,71.48
32.2,25.51,-0.33,follow,-0.02,48.25,104.96
32.3,25.48,-0.3,follow,-0.01,48.21,31.17
32.4,25.45,-0.84,follow,-0.12,48.05,56.08
32.5,25.36,-0.6,follow,-0.07,47.98,169.49
32.6,25.3,-0.26,follow,0.0,47.96,41.23
32.7,25.28,-0.64,follow,-0.07,47.84,
32.8,25.21,-0.12,follow,0.03,47.85,72.15
32.9,25.2,-0.36,follow,-0.02,47.78,113.56
33.0,25.17,-0.28,follow,-0.0,47.74,77.63
33.1,25.14,-0.36,follow,-0.02,47.69,
33.2,25.1,0.56,follow,0.16,47.81,433.38
33.3,25.16,0.06,follow,0.06,47.8,50.5
33.4,25.16,-0.46,follow,-0.04,47.7,
33.5,25.12,0.14,follow,0.08,47.75,46.08
33.6,25.13,-0.49,follow,-0.05,47.65,
33.7,25.08,-0.08,follow,0.03,47.66,30.73
33.8,25.07,-0.8,follow,-0.11,47.5,44.28
33.9,24.99,-0.7,follow,-0.09,47.4,
34.0,24.92,-0.06,follow,0.04,47.43,
34.1,24.92,0.31,follow,0.11,47.49,
34.2,24.95,0.17,follow,0.09,47.51,1256.11
34.3,24.97,0.02,follow,0.05,47.5,243.55
34.4,24.97,-0.09,follow,0.03,47.48,44.09
34.5,24.96,-0.56,follow,-0.06,47.37,95.2
34.6,24.9,-0.36,follow,-0.02,47.33,188.1
34.7,24.87,-0.2,follow,0.01,47.31,
34.8,24.85,0.43,follow,0.14,47.4,
34.9,24.89,0.3,follow,0.11,47.44,39.25
35.0,24.92,-0.55,follow,-0.06,47.32,
35.1,24.86,0.05,follow,0.06,47.35,308.09
35.2,24.87,-0.06,follow,0.03,47.34,124.86
35.3,24.86,-0.2,follow,0.01,47.3,
35.4,24.84,0.26,follow,0.1,47.36,
35.5,24.87,0.52,follow,0.15,47.45,
35.6,24.92,0.53,follow,0.15,47.53,86.23
35.7,24.97,-0.17,follow,0.01,47.47,232.72
35.8,24.96,-0.14,follow,0.02,47.45,
35.9,24.94,0.12,follow,0.07,47.48,
36.0,24.96,0.42,follow,0.13,47.56,150.6
36.1,25.0,-0.07,follow,0.03,47.52,343.84
36.2,24.99,-0.08,follow,0.02,47.51,57.87
36.3,24.98,-0.43,follow,-0.04,47.43,53.73
36.4,24.94,-0.53,follow,-0.06,47.35,
36.5,24.89,0.23,follow,0.09,47.42,
36.6,24.91,0.62,follow,0.16,47.53,
36.7,24.97,0.15,follow,0.07,47.53,
36.8,24.99,0.42,follow,0.12,47.6,
36.9,25.03,0.23,follow,0.08,47.63,93.47
37.0,25.05,-0.21,follow,-0.0,47.57,
37.1,25.03,0.07,follow,0.05,47.6,
37.2,25.04,0.58,follow,0.15,47.71,695.02
37.3,25.1,0.08,follow,0.05,47.7,
37.4,25.11,0.56,follow,0.15,47.8,23.15
37.5,25.16,-0.93,follow,-0.15,47.59,
37.6,25.07,0.05,follow,0.04,47.65,
37.7,25.07,0.01,follow,0.04,47.65,162.61
37.8,25.07,-0.14,follow,0.0,47.62,11361.51
37.9,25.06,-0.03,follow,0.03,47.62,30.72
38.0,25.06,-0.79,follow,-0.12,47.46,218.87
38.1,24.98,-0.27,follow,-0.02,47.45,
38.2,24.95,0.1,follow,0.05,47.48,
38.3,24.96,0.61,follow,0.15,47.6,135.6
38.4,25.02,-0.05,follow,0.02,47.55,75.29
38.5,25.02,-0.33,follow,-0.03,47.49,119.84
38.6,24.98,-0.26,follow,-0.02,47.46,
38.7,24.96,0.3,follow,0.09,47.53,
38.8,24.99,0.21,follow,0.07,47.55,122.72
38.9,25.01,-0.15,follow,0.0,47.51,
39.0,24.99,0.16,follow,0.06,47.55,
39.1,25.01,0.07,follow,0.04,47.56,
39.2,25.02,0.38,follow,0.11,47.63,87.15
39.3,25.05,-0.2,follow,-0.01,47.57,156.21
39.4,25.03,-0.19,follow,-0.01,47.54,146.39
39.5,25.02,-0.2,follow,-0.01,47.51,42.59
39.6,25.0,-0.6,follow,-0.09,47.4,
39.7,24.94,-0.01,follow,0.03,47.43,
39.8,24.93,0.13,follow,0.06,47.46,
39.9,24.95,0.06,follow,0.04,47.46,371.23
40.0,24.95,-0.05,follow,0.02,47.45,46.79
40.1,24.95,-0.52,follow,-0.07,47.35,176.05
40.2,24.9,-0.24,follow,-0.02,47.33,301.71
40.3,24.87,-0.13,follow,0.0,47.31,100.05
40.4,24.86,-0.26,follow,-0.02,47.27,
40.5,24.83,-0.04,follow,0.02,47.27,
40.6,24.83,0.23,follow,0.07,47.32,
40.7,24.85,0.85,follow,0.2,47.48,
40.8,24.94,0.31,follow,0.09,47.49,
40.9,24.97,0.19,follow,0.06,47.52,1669.18
41.0,24.99,0.03,follow,0.03,47.51,33.28
41.1,24.99,-0.71,follow,-0.12,47.37,4627.13
41.2,24.92,-0.15,follow,-0.0,47.37,
41.3,24.9,0.04,follow,0.03,47.39,
41.4,24.91,0.99,follow,0.22,47.58,996.89
41.5,25.01,0.18,follow,0.06,47.57,
41.6,25.02,0.15,follow,0.05,47.59,870.99
41.7,25.04,0.0,follow,0.02,47.58,51.74
41.8,25.04,-0.46,follow,-0.07,47.49,
41.9,24.99,0.32,follow,0.09,47.58,
42.0,25.03,0.35,follow,0.09,47.63,
42.1,25.06,0.36,follow,0.09,47.68,64.34
42.2,25.1,-0.3,follow,-0.04,47.61,
42.3,25.07,0.42,follow,0.1,47.7,42.72
42.4,25.11,-0.48,follow,-0.07,47.59,
42.5,25.06,0.07,follow,0.03,47.63,
42.6,25.07,0.81,follow,0.18,47.78,59.12
42.7,25.15,-0.24,follow,-0.03,47.69,83.74
42.8,25.13,-0.34,follow,-0.05,47.64,862.26
42.9,25.09,-0.09,follow,0.0,47.64,101.0
43.0,25.08,-0.26,follow,-0.03,47.59,38.31
43.1,25.06,-0.68,follow,-0.11,47.47,7239.17
43.2,24.99,-0.14,follow,-0.01,47.48,60.19
43.3,24.97,-0.43,follow,-0.06,47.4,
43.4,24.93,0.11,follow,0.04,47.44,76.24
43.5,24.94,-0.29,follow,-0.04,47.38,
43.6,24.91,0.56,follow,0.13,47.5,94.23
43.7,24.97,-0.14,follow,-0.01,47.45,226.14
43.8,24.96,-0.13,follow,-0.01,47.43,
43.9,24.94,0.3,follow,0.08,47.49,55.07
44.0,24.97,-0.37,follow,-0.05,47.4,
44.1,24.94,0.03,follow,0.02,47.43,
44.2,24.94,0.53,follow,0.13,47.53,41.4
44.3,24.99,-0.47,follow,-0.08,47.41,
44.4,24.94,-0.02,follow,0.02,47.43,
44.5,24.94,0.12,follow,0.04,47.46,
44.6,24.95,0.35,follow,0.09,47.52,53.73
44.7,24.99,-0.37,follow,-0.06,47.43,48.41
44.8,24.95,-0.57,follow,-0.09,47.33,
44.9,24.9,0.11,follow,0.04,47.38,
45.0,24.91,0.19,follow,0.06,47.41,
45.1,24.92,0.18,follow,0.05,47.44,
45.2,24.94,0.21,follow,0.06,47.47,104.83
45.3,24.96,-0.19,follow,-0.02,47.43,
45.4,24.94,0.07,follow,0.03,47.45,
45.5,24.95,0.15,follow,0.05,47.47,96.55
45.6,24.97,-0.22,follow,-0.03,47.42,
45.7,24.95,0.68,follow,0.15,47.57,
45.8,25.01,0.35,follow,0.08,47.6,52.69
45.9,25.05,-0.39,follow,-0.06,47.51,
46.0,25.01,0.15,follow,0.04,47.56,64.29
46.1,25.02,-0.34,follow,-0.05,47.48,
46.2,24.99,0.22,follow,0.06,47.54,
46.3,25.01,0.49,follow,0.11,47.63,75.4
46.4,25.06,-0.22,follow,-0.03,47.56,
46.5,25.04,0.29,follow,0.07,47.63,
46.6,25.07,0.2,follow,0.05,47.65,
46.7,25.09,0.32,follow,0.08,47.71,
46.8,25.12,0.74,follow,0.16,47.84,159.93
46.9,25.19,-0.0,follow,0.01,47.8,62.65
47.0,25.19,-0.39,follow,-0.07,47.72,55.31
47.1,25.15,-0.51,follow,-0.09,47.64,62.33
47.2,25.1,-0.49,follow,-0.09,47.57,291.88
47.3,25.05,-0.18,follow,-0.02,47.56,
47.4,25.04,0.07,follow,0.03,47.58,
47.5,25.04,0.1,follow,0.03,47.6,
47.6,25.05,0.31,follow,0.07,47.65,1106.27
47.7,25.08,0.04,follow,0.02,47.65,
47.8,25.09,0.52,follow,0.11,47.75,165.47
47.9,25.14,-0.04,follow,0.0,47.71,
48.0,25.14,0.95,follow,0.2,47.9,
48.1,25.23,0.36,follow,0.08,47.93,55.0
48.2,25.27,-0.37,follow,-0.07,47.84,44.81
48.3,25.23,-0.61,follow,-0.11,47.73,
48.4,25.17,-0.06,follow,-0.0,47.75,140.65
48.5,25.16,-0.18,follow,-0.03,47.72,
48.6,25.15,0.15,follow,0.04,47.76,
48.7,25.16,0.13,follow,0.04,47.78,226.66
48.8,25.17,-0.08,follow,-0.01,47.75,58.65
48.9,25.17,-0.43,follow,-0.08,47.67,36.49
49.0,25.12,-0.75,follow,-0.14,47.55,104.8
49.1,25.05,-0.38,follow,-0.06,47.51,
49.2,25.01,0.22,follow,0.06,47.57,
49.3,25.03,0.12,follow,0.03,47.58,49.39
49.4,25.05,-0.46,follow,-0.08,47.49,
49.5,25.0,-0.05,follow,0.0,47.5,
49.6,24.99,0.14,follow,0.04,47.53,72.63
49.7,25.01,-0.3,follow,-0.05,47.46,
49.8,24.98,-0.0,follow,0.01,47.48,
49.9,24.98,0.03,follow,0.02,47.48,56.7
50.0,24.98,-0.42,follow,-0.07,47.4,
50.1,24.94,0.06,follow,0.02,47.43,
50.2,24.95,0.26,follow,0.06,47.48,
50.3,24.97,0.49,follow,0.11,47.56,
50.4,25.02,0.51,follow,0.11,47.64,45.38
50.5,25.07,-0.43,follow,-0.08,47.53,61.64
50.6,25.03,-0.47,follow,-0.08,47.46,
50.7,24.98,0.09,follow,0.03,47.5,
50.8,24.99,0.22,follow,0.05,47.54,
50.9,25.01,0.25,follow,0.06,47.58,
51.0,25.04,1.5,follow,0.31,47.86,
51.1,25.19,0.5,follow,0.11,47.89,
51.2,25.24,0.44,follow,0.09,47.95,
51.3,25.28,0.33,follow,0.07,47.99,
51.4,25.31,0.17,follow,0.04,48.01,86.59
51.5,25.33,-0.24,follow,-0.05,47.95,
51.6,25.31,0.07,follow,0.02,47.98,54.08
51.7,25.31,-0.43,follow,-0.08,47.89,96.88
51.8,25.27,-0.34,follow,-0.06,47.84,75.83
51.9,25.24,-0.39,follow,-0.07,47.78,269.58
52.0,25.2,-0.17,follow,-0.03,47.77,
52.1,25.18,0.74,follow,0.15,47.93,30.3
52.2,25.26,-0.65,follow,-0.12,47.76,
52.3,25.19,-0.0,follow,0.0,47.79,34.1
52.4,25.19,-0.71,follow,-0.13,47.65,88.03
52.5,25.12,-0.42,follow,-0.08,47.6,
52.6,25.08,0.27,follow,0.06,47.68,1650.73
52.7,25.11,0.04,follow,0.01,47.67,52.05
52.8,25.11,-0.45,follow,-0.08,47.58,73.22
52.9,25.06,-0.42,follow,-0.08,47.52,
53.0,25.02,0.14,follow,0.04,47.57,83.09
53.1,25.04,-0.26,follow,-0.04,47.51,
53.2,25.01,0.01,follow,0.01,47.53,
53.3,25.01,0.01,follow,0.01,47.53,94.76
53.4,25.01,-0.25,follow,-0.04,47.48,
53.5,24.99,0.76,follow,0.16,47.64,
53.6,25.06,0.4,follow,0.09,47.68,30.11
53.7,25.1,-0.72,follow,-0.14,47.52,
53.8,25.03,-0.13,follow,-0.02,47.53,89.38
53.9,25.02,-0.29,follow,-0.05,47.48,
54.0,24.99,0.25,follow,0.06,47.54,82.01
54.1,25.02,-0.24,follow,-0.04,47.48,451.27
54.2,24.99,-0.1,follow,-0.01,47.47,
54.3,24.98,0.18,follow,0.04,47.51,
54.4,25.0,0.37,follow,0.08,47.58,52.95
54.5,25.04,-0.38,follow,-0.07,47.49,166.04
54.6,25.0,-0.22,follow,-0.04,47.46,132.5
54.7,24.98,-0.23,follow,-0.04,47.43,101.74
54.8,24.95,-0.28,follow,-0.05,47.38,
54.9,24.93,0.63,follow,0.13,47.52,
55.0,24.99,0.32,follow,0.07,47.55,50.64
55.1,25.02,-0.41,follow,-0.07,47.46,
55.2,24.98,0.26,follow,0.06,47.53,
55.3,25.01,0.87,follow,0.18,47.69,
55.4,25.09,0.56,follow,0.12,47.75,38.77
55.5,25.15,-0.51,follow,-0.1,47.63,93.76
55.6,25.1,-0.36,follow,-0.07,47.58,
55.7,25.06,0.36,follow,0.08,47.67,80.63
55.8,25.1,-0.23,follow,-0.04,47.61,
55.9,25.07,0.07,follow,0.02,47.63,
56.0,25.08,0.27,follow,0.06,47.68,61.0
56.1,25.11,-0.34,follow,-0.06,47.6,320.1
56.2,25.07,-0.14,follow,-0.02,47.59,19.0
56.3,25.06,-1.29,follow,-0.25,47.34,57.01
56.4,24.93,-0.68,follow,-0.13,47.27,390.67
56.5,24.86,-0.2,follow,-0.03,47.26,58.86
56.6,24.84,-0.45,follow,-0.08,47.19,
56.7,24.8,0.61,follow,0.13,47.33,54.48
56.8,24.86,-0.32,follow,-0.05,47.24,249.59
56.9,24.83,-0.16,follow,-0.02,47.22,
57.0,24.81,0.11,follow,0.03,47.25,
57.1,24.82,0.66,follow,0.14,47.37,52.5
57.2,24.89,-0.32,follow,-0.06,47.28,
57.3,24.86,0.43,follow,0.09,47.38,
57.4,24.9,0.16,follow,0.04,47.39,74.1
57.5,24.92,-0.29,follow,-0.05,47.32,
57.6,24.89,0.16,follow,0.04,47.37,
57.7,24.9,0.17,follow,0.04,47.39,134.17
57.8,24.92,-0.14,follow,-0.02,47.36,
57.9,24.91,0.04,follow,0.01,47.37,242.51
58.0,24.91,-0.09,follow,-0.01,47.35,
58.1,24.9,0.07,follow,0.02,47.37,
58.2,24.91,0.32,follow,0.07,47.43,
58.3,24.94,0.71,follow,0.15,47.56,54.72
58.4,25.01,-0.29,follow,-0.05,47.46,
58.5,24.98,0.74,follow,0.15,47.62,33.05
58.6,25.06,-0.58,follow,-0.11,47.47,287.34
58.7,25.0,-0.2,follow,-0.03,47.46,
58.8,24.98,0.18,follow,0.04,47.51,
58.9,25.0,0.15,follow,0.04,47.53,102.03
59.0,25.01,-0.2,follow,-0.04,47.48,277.16
59.1,24.99,-0.13,follow,-0.02,47.47,131.51
59.2,24.98,-0.21,follow,-0.04,47.43,113.42
59.3,24.96,-0.25,follow,-0.04,47.39,
59.4,24.93,0.29,follow,0.06,47.46,
59.5,24.96,0.23,follow,0.05,47.49,98.63
59.6,24.98,-0.2,follow,-0.03,47.44,
59.7,24.96,0.31,follow,0.07,47.51,
59.8,25.0,0.2,follow,0.04,47.54,
59.9,25.02,0.35,follow,0.07,47.6,
60.0,25.05,0.3,follow,0.06,47.64,71.08
60.1,25.08,-0.28,follow,-0.05,47.57,101.16
60.2,25.05,-0.29,follow,-0.06,47.52,
60.3,25.02,0.23,follow,0.05,47.58,
60.4,25.05,0.32,follow,0.07,47.64,
60.5,25.08,0.1,follow,0.02,47.64,
60.6,25.09,0.11,follow,0.02,47.66,
60.7,25.1,0.57,follow,0.11,47.76,149.72
60.8,25.16,-0.05,follow,-0.01,47.73,
60.9,25.15,0.26,follow,0.05,47.78,36522.85
61.0,25.18,0.05,follow,0.01,47.78,2835.81
61.1,25.18,0.0,follow,0.0,47.77,
61.2,25.18,0.52,follow,0.1,47.88,
61.3,25.23,0.53,follow,0.1,47.96,
61.4,25.29,0.52,follow,0.1,48.03,
61.5,25.34,0.7,follow,0.14,48.15,
61.6,25.41,0.23,follow,0.04,48.16,
61.7,25.43,0.37,follow,0.07,48.22,468.88
61.8,25.47,0.02,follow,-0.0,48.2,
61.9,25.47,0.2,follow,0.03,48.24,
62.0,25.49,0.07,follow,0.01,48.25,
62.1,25.5,0.14,follow,0.02,48.27,
62.2,25.51,0.36,follow,0.07,48.33,117.18
62.3,25.55,-0.14,follow,-0.03,48.29,
62.4,25.54,0.9,follow,0.17,48.48,94.1
62.5,25.63,-0.08,follow,-0.02,48.41,65.84
62.6,25.62,-0.39,follow,-0.08,48.34,
62.7,25.58,0.5,follow,0.09,48.46,
62.8,25.63,0.58,follow,0.11,48.55,
62.9,25.69,0.52,follow,0.09,48.62,
63.0,25.74,0.49,follow,0.09,48.7,
63.1,25.79,0.23,follow,0.03,48.72,106.43
63.2,25.81,-0.19,follow,-0.05,48.67,
63.3,25.79,0.12,follow,0.01,48.7,219.62
63.4,25.8,-0.09,follow,-0.03,48.68,
63.5,25.8,0.53,follow,0.09,48.79,
63.6,25.85,0.24,follow,0.04,48.81,163.6
63.7,25.87,-0.1,follow,-0.03,48.78,
63.8,25.86,0.03,follow,-0.0,48.79,
63.9,25.86,0.38,follow,0.06,48.86,10207.7
64.0,25.9,0.07,follow,0.0,48.86,219.39
64.1,25.91,-0.1,follow,-0.03,48.83,
64.2,25.9,0.31,follow,0.05,48.9,
64.3,25.93,0.41,follow,0.07,48.97,
64.4,25.97,0.13,follow,0.01,48.97,
64.5,25.99,0.09,follow,0.01,48.98,
64.6,25.99,0.37,follow,0.06,49.05,79.85
64.7,26.03,-0.24,follow,-0.06,48.99,84.29
64.8,26.01,-0.34,follow,-0.08,48.93,
64.9,25.97,-0.06,follow,-0.02,48.94,
65.0,25.97,0.23,follow,0.03,48.99,
65.1,25.99,0.53,follow,0.09,49.08,
65.2,26.04,1.06,follow,0.2,49.26,
65.3,26.15,0.91,follow,0.16,49.39,
65.4,26.24,0.43,follow,0.07,49.43,
65.5,26.28,0.36,follow,0.05,49.48,187.82
65.6,26.32,-0.06,follow,-0.03,49.45,
65.7,26.31,0.26,follow,0.03,49.5,
65.8,26.34,0.23,follow,0.03,49.54,
65.9,26.36,0.48,follow,0.08,49.62,796.57
66.0,26.41,0.06,follow,-0.01,49.61,
66.1,26.42,0.52,follow,0.08,49.71,
66.2,26.47,1.04,follow,0.19,49.89,
66.3,26.57,0.47,follow,0.07,49.93,
66.4,26.62,0.53,follow,0.08,50.01,
66.5,26.67,0.65,follow,0.1,50.11,
66.6,26.74,0.21,follow,0.02,50.12,
66.7,26.76,0.37,follow,0.05,50.19,
66.8,26.79,0.32,follow,0.04,50.23,
66.9,26.83,0.34,follow,0.04,50.28,321.9
67.0,26.86,-0.01,follow,-0.03,50.26,
67.1,26.86,0.24,follow,0.02,50.31,
67.2,26.88,0.51,follow,0.08,50.4,
67.3,26.94,0.96,follow,0.16,50.57,
67.4,27.03,0.84,follow,0.14,50.69,
67.5,27.12,1.28,follow,0.22,50.9,207.17
67.6,27.24,0.13,follow,-0.01,50.86,
67.7,27.26,0.53,follow,0.07,50.96,
67.8,27.31,0.34,follow,0.04,51.0,
67.9,27.34,1.13,follow,0.19,51.21,133.09
68.0,27.46,0.03,follow,-0.03,51.16,104.95
68.1,27.46,-0.24,follow,-0.08,51.11,196.1
68.2,27.44,-0.18,follow,-0.07,51.09,34.6
68.3,27.42,-0.78,follow,-0.19,50.94,577.07
68.4,27.34,-0.2,follow,-0.07,50.94,299.87
68.5,27.32,-0.13,follow,-0.06,50.92,
68.6,27.31,0.3,follow,0.03,50.99,
68.7,27.34,0.49,follow,0.07,51.07,
68.8,27.39,1.17,follow,0.2,51.28,
68.9,27.5,0.91,follow,0.15,51.4,4088.87
69.0,27.59,0.18,follow,0.0,51.39,149.37
69.1,27.61,-0.14,follow,-0.06,51.36,
69.2,27.6,0.39,follow,0.04,51.44,80.66
69.3,27.64,-0.25,follow,-0.08,51.37,
69.4,27.61,0.96,follow,0.16,51.58,
69.5,27.71,0.96,follow,0.16,51.72,
69.6,27.8,0.22,follow,0.01,51.71,49.06
69.7,27.83,-0.49,follow,-0.13,51.61,
69.8,27.78,0.68,follow,0.1,51.77,
69.9,27.85,0.33,follow,0.03,51.8,
70.0,27.88,0.83,follow,0.13,51.95,57.13
70.1,27.96,-0.29,follow,-0.1,51.85,509.26
70.2,27.93,-0.11,follow,-0.06,51.84,
70.3,27.92,0.21,follow,0.01,51.89,
70.4,27.94,0.32,follow,0.03,51.94,
70.5,27.97,0.14,follow,-0.01,51.95,
70.6,27.99,0.56,follow,0.07,52.06,141.54
70.7,28.04,-0.07,follow,-0.05,52.01,
70.8,28.04,0.19,follow,0.0,52.06,
70.9,28.06,0.37,follow,0.04,52.12,
71.0,28.09,0.59,follow,0.08,52.22,
71.1,28.15,0.72,follow,0.1,52.33,124.37
71.2,28.22,-0.07,follow,-0.05,52.28,64.36
71.3,28.22,-0.43,follow,-0.12,52.2,
71.4,28.17,0.75,follow,0.11,52.37,
71.5,28.25,0.61,follow,0.08,52.45,776.59
71.6,28.31,0.09,follow,-0.02,52.44,
71.7,28.32,0.98,follow,0.15,52.63,
71.8,28.42,0.54,follow,0.07,52.69,
71.9,28.47,0.88,follow,0.13,52.84,
72.0,28.56,0.46,follow,0.05,52.88,
72.1,28.6,1.22,follow,0.2,53.1,
72.2,28.73,1.23,follow,0.2,53.29,
72.3,28.85,0.31,follow,0.01,53.29,
72.4,28.88,0.62,follow,0.08,53.39,
72.5,28.94,0.53,follow,0.06,53.47,
72.6,28.99,0.83,follow,0.12,53.61,83.24
72.7,29.08,-0.16,follow,-0.08,53.53,
72.8,29.06,0.35,follow,0.02,53.61,
72.9,29.1,0.64,follow,0.08,53.72,39.94
73.0,29.16,-0.55,follow,-0.16,53.58,61.63
73.1,29.1,-0.55,follow,-0.16,53.5,34.87
73.2,29.05,-0.89,follow,-0.22,53.35,
73.3,28.96,-0.13,follow,-0.07,53.37,
73.4,28.95,0.53,follow,0.06,53.48,
73.5,29.0,1.04,follow,0.16,53.66,
73.6,29.1,0.5,follow,0.05,53.71,
73.7,29.15,1.04,follow,0.16,53.89,67.04
73.8,29.26,-0.2,follow,-0.09,53.8,46.07
73.9,29.24,-0.63,follow,-0.17,53.69,
74.0,29.17,0.04,follow,-0.04,53.73,
74.1,29.18,0.43,follow,0.04,53.81,
74.2,29.22,0.33,follow,0.02,53.85,40.43
74.3,29.26,-0.61,follow,-0.17,53.72,
74.4,29.19,0.09,follow,-0.02,53.77,95.28
74.5,29.2,-0.27,follow,-0.1,53.71,
74.6,29.18,0.56,follow,0.07,53.83,
74.7,29.23,0.63,follow,0.08,53.93,311.27
74.8,29.3,0.04,follow,-0.04,53.91,
74.9,29.3,0.09,follow,-0.03,53.92,192.73
75.0,29.31,-0.12,follow,-0.07,53.9,
75.1,29.3,0.29,follow,0.02,53.96,
75.2,29.33,0.86,follow,0.13,54.12,371.24
75.3,29.41,0.1,follow,-0.02,54.09,
75.4,29.42,0.6,follow,0.07,54.21,
75.5,29.48,0.23,follow,0.0,54.22,1723.7
75.6,29.5,0.03,follow,-0.04,54.22,
75.7,29.51,0.3,follow,0.02,54.28,249.28
75.8,29.54,-0.05,follow,-0.05,54.25,
75.9,29.53,0.1,follow,-0.02,54.28,168.0
76.0,29.54,-0.14,follow,-0.07,54.24,
76.1,29.53,1.27,follow,0.21,54.5,
76.2,29.66,0.69,follow,0.09,54.58,
76.3,29.73,0.19,follow,-0.01,54.58,
76.4,29.74,0.49,follow,0.05,54.67,
76.5,29.79,0.41,follow,0.04,54.73,
76.6,29.84,0.34,follow,0.02,54.77,
76.7,29.87,0.66,follow,0.09,54.89,
76.8,29.94,0.33,follow,0.12,55.03,
76.9,29.97,0.17,follow,0.09,55.04,
77.0,29.98,0.08,follow,0.08,55.05,
77.1,29.99,0.04,follow,0.11,55.1,38.99
77.2,30.0,0.02,follow,-0.04,54.95,82.37
77.3,30.0,-0.31,follow,-0.11,54.89,
77.4,29.97,0.16,follow,0.14,55.09,
77.5,29.99,0.08,follow,0.35,55.33,
77.6,29.99,0.04,follow,0.4,55.39,
77.7,30.0,0.02,follow,0.53,55.53,
77.8,30.0,0.01,follow,0.65,55.65,
77.9,30.0,0.01,follow,1.03,56.03,
78.0,30.0,0.0,follow,1.23,56.23,
78.1,30.0,0.0,follow,1.31,56.31,
78.2,30.0,0.0,follow,1.33,56.33,130.63
78.3,30.0,0.0,follow,1.28,56.29,
78.4,30.0,0.0,follow,1.41,56.41,
78.5,30.0,0.0,follow,1.45,56.46,349.97
78.6,30.0,0.0,follow,1.44,56.44,
78.7,30.0,0.0,follow,1.5,56.5,
78.8,30.0,0.0,follow,1.52,56.52,
78.9,30.0,0.0,follow,1.8,56.81,
79.0,30.0,-0.0,follow,2.02,57.02,
79.1,30.0,-0.0,follow,2.15,57.15,
79.2,30.0,-0.0,follow,2.42,57.43,
79.3,30.0,-0.0,follow,2.57,57.57,
79.4,30.0,-0.0,follow,2.63,57.63,
79.5,30.0,-0.0,follow,2.92,57.93,
79.6,30.0,-0.0,follow,3.12,58.13,
79.7,30.0,-0.0,follow,3.18,58.18,
79.8,30.0,-0.0,follow,3.32,58.32,
79.9,30.0,-0.0,follow,3.4,58.4,
80.0,30.0,-0.0,follow,3.43,58.43,
80.1,30.0,-0.0,follow,3.68,58.68,
80.2,30.0,-0.0,follow,4.03,59.04,
80.3,30.0,-0.0,follow,4.07,59.08,
80.4,30.0,-0.0,follow,4.3,59.31,
80.5,30.0,-0.0,follow,4.42,59.42,
80.6,30.0,-0.0,follow,4.56,59.56,
80.7,30.0,-0.0,follow,4.69,59.69,
80.8,30.0,-0.0,follow,4.8,59.8,
80.9,30.0,-0.0,follow,4.99,59.99,
81.0,30.0,-0.0,follow,5.11,60.11,
81.1,30.0,-0.0,follow,5.34,60.34,
81.2,30.0,-0.0,follow,5.53,60.54,
81.3,30.0,-0.0,follow,5.72,60.72,
81.4,30.0,-0.0,follow,5.84,60.84,
81.5,30.0,-0.0,follow,6.0,61.0,
81.6,30.0,-0.0,follow,6.29,61.29,
81.7,30.0,-0.0,follow,6.55,61.56,
81.8,30.0,-0.0,follow,6.68,61.68,
81.9,30.0,-0.0,follow,6.92,61.92,
82.0,30.0,-0.0,follow,7.22,62.22,
82.1,30.0,-0.0,follow,7.29,62.3,
82.2,30.0,-0.0,follow,7.58,62.59,
82.3,30.0,-0.0,follow,7.76,62.76,
82.4,30.0,-0.0,follow,8.06,63.06,
82.5,30.0,-0.0,follow,8.23,63.23,
82.6,30.0,-0.0,follow,8.3,63.31,
82.7,30.0,-0.0,follow,8.4,63.4,
82.8,30.0,-0.0,follow,8.66,63.66,
82.9,30.0,-0.0,follow,8.95,63.95,
83.0,30.0,-0.0,follow,9.12,64.12,
83.1,30.0,-0.0,follow,9.45,64.45,
83.2,30.0,-0.0,follow,9.56,64.56,
83.3,30.0,-0.0,follow,9.82,64.82,
83.4,30.0,-0.0,follow,9.98,64.98,
83.5,30.0,-0.0,follow,10.2,65.2,
83.6,30.0,-0.0,follow,10.48,65.49,
83.7,30.0,-0.0,follow,10.69,65.69,
83.8,30.0,-0.0,follow,10.94,65.94,
83.9,30.0,-0.0,follow,11.33,66.33,
84.0,30.0,-0.0,follow,11.57,66.57,
84.1,30.0,-0.0,follow,11.95,66.95,
84.2,30.0,-0.0,follow,12.14,67.15,
84.3,30.0,-0.0,follow,12.5,67.51,
84.4,30.0,-0.0,follow,12.96,67.96,
84.5,30.0,-0.0,follow,13.02,68.03,
84.6,30.0,-0.0,follow,13.26,68.26,
84.7,30.0,-0.0,follow,13.64,68.64,
84.8,30.0,-0.0,follow,13.94,68.94,
84.9,30.0,-0.0,follow,14.3,69.31,
85.0,30.0,-0.0,follow,14.57,69.58,
85.1,30.0,-0.0,follow,14.92,69.92,
85.2,30.0,-0.0,follow,15.24,70.24,
85.3,30.0,-0.0,follow,15.69,70.7,
85.4,30.0,-0.0,follow,16.06,71.06,
85.5,30.0,-0.0,follow,16.44,71.45,
85.6,30.0,-0.0,follow,16.75,71.75,
85.7,30.0,-0.0,follow,17.06,72.06,
85.8,30.0,-0.0,follow,17.37,72.37,
85.9,30.0,-0.0,follow,17.77,72.77,
86.0,30.0,-0.0,follow,18.09,73.09,
86.1,30.0,-0.0,follow,18.49,73.49,
86.2,30.0,-0.0,follow,19.07,74.07,
86.3,30.0,-0.0,follow,19.53,74.53,
86.4,30.0,-0.0,follow,19.87,74.87,
86.5,30.0,-0.0,follow,20.37,75.37,
86.6,30.0,-0.0,follow,20.71,75.72,
86.7,30.0,-0.0,follow,20.89,75.9,
86.8,30.0,-0.0,follow,21.18,76.18,
86.9,30.0,-0.0,follow,21.38,76.39,
87.0,30.0,-0.0,follow,21.74,76.75,
87.1,30.0,-0.0,follow,22.15,77.15,
87.2,30.0,-0.0,follow,22.72,77.72,
87.3,30.0,-0.0,follow,23.16,78.16,
87.4,30.0,-0.0,follow,23.55,78.55,
87.5,30.0,-0.0,follow,24.05,79.05,
87.6,30.0,-0.0,follow,24.24,79.24,
87.7,30.0,-0.0,follow,24.68,79.68,
87.8,30.0,-0.0,follow,25.18,80.18,
87.9,30.0,-0.0,follow,25.46,80.46,
88.0,30.0,-0.0,follow,26.0,81.01,
88.1,30.0,-0.0,follow,26.47,81.47,
88.2,30.0,-0.0,follow,26.87,81.87,
88.3,30.0,-0.0,follow,27.37,82.37,
88.4,30.0,-0.0,follow,28.05,83.05,
88.5,30.0,-0.0,follow,28.51,83.52,
88.6,30.0,-0.0,follow,28.99,83.99,
88.7,30.0,-0.0,follow,29.4,84.4,
88.8,30.0,-0.0,follow,29.76,84.77,
88.9,30.0,-0.0,follow,30.31,85.31,
89.0,30.0,-0.0,follow,30.68,85.69,
89.1,30.0,-0.0,follow,31.16,86.16,
89.2,30.0,-0.0,follow,31.58,86.58,
89.3,30.0,-0.0,follow,32.1,87.1,
89.4,30.0,-0.0,follow,32.61,87.61,
89.5,30.0,-0.0,follow,33.2,88.2,
89.6,30.0,-0.0,follow,33.63,88.63,
89.7,30.0,-0.0,follow,34.09,89.09,
89.8,30.0,-0.0,follow,34.48,89.48,
89.9,30.0,-0.0,follow,34.92,89.93,
90.0,30.0,-0.0,follow,35.46,90.46,
90.1,30.0,-0.0,follow,36.04,91.04,
90.2,30.0,-0.0,follow,36.44,91.44,
90.3,30.0,-0.0,follow,37.02,92.02,
90.4,30.0,-0.0,follow,37.64,92.65,
90.5,30.0,-0.0,follow,38.17,93.17,
90.6,30.0,-0.0,follow,38.84,93.84,
90.7,30.0,-0.0,follow,39.23,94.23,
90.8,30.0,-0.0,follow,39.56,94.56,
90.9,30.0,-0.0,follow,39.84,94.84,
91.0,30.0,-0.0,follow,40.45,95.45,
91.1,30.0,-0.0,follow,40.97,95.97,
91.2,30.0,-0.0,follow,41.4,96.41,
91.3,30.0,-0.0,follow,41.87,96.88,
91.4,30.0,-0.0,follow,42.19,97.19,
91.5,30.0,-0.0,follow,42.87,97.88,
91.6,30.0,-0.0,follow,43.31,98.31,
91.7,30.0,-0.0,follow,43.74,98.74,
91.8,30.0,-0.0,follow,44.23,99.23,
91.9,30.0,-0.0,follow,44.69,99.69,
92.0,30.0,-0.0,follow,45.12,100.12,
92.1,30.0,-0.0,follow,45.44,100.44,
92.2,30.0,-0.0,follow,45.88,100.88,
92.3,30.0,-0.0,follow,46.46,101.46,
92.4,30.0,-0.0,follow,46.98,101.98,
92.5,30.0,-0.0,follow,47.52,102.53,
92.6,30.0,-0.0,follow,47.85,102.85,
92.7,30.0,-0.0,follow,48.12,103.12,
92.8,30.0,-0.0,follow,48.47,103.47,
92.9,30.0,-0.0,follow,48.84,103.84,
93.0,30.0,-0.0,follow,49.3,104.3,
93.1,30.0,-0.0,follow,49.48,104.48,
93.2,30.0,-0.0,follow,49.98,104.98,
93.3,30.0,-0.0,follow,50.3,105.3,
93.4,30.0,-0.0,follow,50.59,105.6,
93.5,30.0,-0.0,follow,50.82,105.82,
93.6,30.0,-0.0,follow,50.98,105.98,
93.7,30.0,-0.0,follow,51.38,106.39,
93.8,30.0,-0.0,follow,51.71,106.71,
93.9,30.0,-0.0,follow,51.89,106.89,
94.0,30.0,-0.0,follow,52.06,107.07,
94.1,30.0,-0.0,follow,52.33,107.33,
94.2,30.0,-0.0,follow,52.79,107.79,
94.3,30.0,-0.0,follow,53.06,108.06,
94.4,30.0,-0.0,follow,53.19,108.19,
94.5,30.0,-0.0,follow,53.45,108.45,
94.6,30.0,-0.0,follow,53.7,108.7,
94.7,30.0,-0.0,follow,53.7,108.7,
94.8,30.0,-0.0,follow,53.96,108.96,
94.9,30.0,-0.0,follow,54.2,109.2,
95.0,30.0,-0.0,follow,54.52,109.52,
95.1,30.0,-0.0,follow,54.95,109.95,
95.2,30.0,-0.0,follow,55.31,110.31,
95.3,30.0,-0.0,follow,55.52,110.52,
95.4,30.0,-0.0,follow,55.65,110.65,
95.5,30.0,-0.0,follow,56.13,111.13,
95.6,30.0,-0.0,follow,56.36,111.36,
95.7,30.0,-0.0,follow,56.58,111.58,
95.8,30.0,-0.0,follow,56.79,111.79,
95.9,30.0,-0.0,follow,57.02,112.02,
96.0,30.0,-0.0,follow,57.21,112.21,
96.1,30.0,-0.0,follow,57.36,112.36,
96.2,30.0,-0.0,follow,57.5,112.5,
96.3,30.0,-0.0,follow,57.68,112.69,
96.4,30.0,-0.0,follow,57.82,112.82,
96.5,30.0,-0.0,follow,57.93,112.93,
96.6,30.0,-0.0,follow,58.11,113.12,
96.7,30.0,-0.0,follow,58.26,113.26,
96.8,30.0,-0.0,follow,58.57,113.57,124.63
96.9,30.0,-0.0,follow,58.48,113.48,
97.0,30.0,-0.0,follow,58.73,113.74,
97.1,30.0,-0.0,follow,59.0,114.0,222.98
97.2,30.0,-0.0,follow,58.95,113.95,
97.3,30.0,-0.0,follow,59.06,114.06,
97.4,30.0,-0.0,follow,59.16,114.16,5364.29
97.5,30.0,-0.0,follow,59.16,114.16,
97.6,30.0,-0.0,follow,59.21,114.21,
97.7,30.0,-0.0,follow,59.23,114.23,
97.8,30.0,-0.0,follow,59.5,114.51,
97.9,30.0,-0.0,follow,59.7,114.7,
98.0,30.0,-0.0,follow,59.92,114.93,
98.1,30.0,-0.0,follow,60.09,115.09,1136.38
98.2,30.0,-0.0,follow,60.08,115.08,
98.3,30.0,-0.0,follow,60.12,115.12,
98.4,30.0,-0.0,follow,60.25,115.25,347.9
98.5,30.0,-0.0,follow,60.22,115.22,
98.6,30.0,-0.0,follow,60.36,115.36,
98.7,30.0,-0.0,follow,60.41,115.41,
98.8,30.0,-0.0,follow,60.44,115.44,
98.9,30.0,-0.0,follow,60.56,115.56,
99.0,30.0,-0.0,follow,60.66,115.66,
99.1,30.0,-0.0,follow,60.68,115.68,
99.2,30.0,-0.0,follow,60.83,115.83,195.89
99.3,30.0,-0.0,follow,60.77,115.77,
99.4,30.0,-0.0,follow,60.86,115.86,
99.5,30.0,-0.0,follow,60.94,115.94,3707.07
99.6,30.0,-0.0,follow,60.94,115.94,
99.7,30.0,-0.0,follow,60.99,115.99,118.2
99.8,30.0,-0.0,follow,60.89,115.89,
99.9,30.0,-0.0,follow,60.98,115.99,956.38
100.0,30.0,-0.0,follow,60.97,115.97,246.08
100.1,30.0,-0.0,follow,60.92,115.93,
100.2,30.0,-0.0,follow,61.01,116.01,158.65
100.3,30.0,-0.0,follow,60.94,115.94,82.15
100.4,30.0,-0.0,follow,60.8,115.8,72.77
100.5,30.0,-0.0,follow,60.64,115.64,
100.6,30.0,-0.0,follow,60.67,115.67,80.26
100.7,30.0,-0.0,follow,60.52,115.53,
100.8,30.0,-0.0,follow,60.65,115.65,51.37
100.9,30.0,-0.0,follow,60.42,115.42,
101.0,30.0,-0.0,follow,60.52,115.53,371.14
101.1,30.0,-0.0,follow,60.49,115.5,180.1
101.2,30.0,-0.0,follow,60.43,115.43,106.76
101.3,30.0,-0.0,follow,60.32,115.32,382.79
101.4,30.0,-0.0,follow,60.29,115.29,157.66
101.5,30.0,-0.0,follow,60.22,115.22,
101.6,30.0,-0.0,follow,60.24,115.24,164.33
101.7,30.0,-0.0,follow,60.17,115.17,159.68
101.8,30.0,-0.0,follow,60.1,115.1,94.25
101.9,30.0,-0.0,follow,59.98,114.98,114.83
102.0,30.0,-0.0,follow,59.88,114.88,157.09
102.1,30.0,-0.0,follow,59.8,114.8,45.18
102.2,30.0,-0.0,follow,59.55,114.55,50.43
102.3,30.0,-0.0,follow,59.32,114.32,223.61
102.4,30.0,-0.0,follow,59.27,114.27,108.7
102.5,30.0,-0.0,follow,59.16,114.17,80.9
102.6,30.0,-0.0,follow,59.02,114.03,88.99
102.7,30.0,-0.0,follow,58.9,113.9,108.34
102.8,30.0,-0.0,follow,58.79,113.79,61.14
102.9,30.0,-0.0,follow,58.6,113.61,53.56
103.0,30.0,-0.0,follow,58.39,113.39,85.18
103.1,30.0,-0.0,follow,58.26,113.26,47.36
103.2,30.0,-0.0,follow,58.02,113.02,90.33
103.3,30.0,-0.0,follow,57.89,112.9,36.4
103.4,30.0,-0.0,follow,57.58,112.59,135.44
103.5,30.0,-0.0,follow,57.5,112.5,83.26
103.6,30.0,-0.0,follow,57.37,112.37,71.06
103.7,30.0,-0.0,follow,57.21,112.21,109.87
103.8,30.0,-0.0,follow,57.11,112.11,223.65
103.9,30.0,-0.0,follow,57.06,112.06,101.75
104.0,30.0,-0.0,follow,56.95,111.95,31.52
104.1,30.0,-0.0,follow,56.59,111.59,35.75
104.2,30.0,-0.0,follow,56.28,111.28,42.45
104.3,30.0,-0.0,follow,56.02,111.02,52.09
104.4,30.0,-0.0,follow,55.8,110.81,62.56
104.5,30.0,-0.0,follow,55.63,110.63,38.8
104.6,30.0,-0.0,follow,55.34,110.34,51.53
104.7,30.0,-0.0,follow,55.13,110.13,36.94
104.8,30.0,-0.0,follow,54.83,109.83,37.73
104.9,30.0,-0.0,follow,54.54,109.54,30.33
105.0,30.0,-0.0,follow,54.18,109.18,33.48
105.1,30.0,-0.0,follow,53.85,108.85,29.73
105.2,30.0,-0.0,follow,53.48,108.49,31.9
105.3,30.0,-0.0,follow,53.14,108.15,60.37
105.4,30.0,-0.0,follow,52.97,107.97,31.01
105.5,30.0,-0.0,follow,52.62,107.62,178.99
105.6,30.0,-0.0,follow,52.56,107.56,44.79
105.7,30.0,-0.0,follow,52.32,107.32,39.73
105.8,30.0,-0.0,follow,52.05,107.05,29.73
105.9,30.0,-0.0,follow,51.69,106.69,44.8
106.0,30.0,-0.0,follow,51.45,106.45,30.67
106.1,30.0,-0.0,follow,51.1,106.1,35.95
106.2,30.0,-0.0,follow,50.81,105.81,102.6
106.3,30.0,-0.0,follow,50.7,105.71,32.71
106.4,30.0,-0.0,follow,50.38,105.38,46.19
106.5,30.0,-0.0,follow,50.15,105.15,27.59
106.6,30.0,-0.0,follow,49.77,104.77,31.45
106.7,30.0,-0.0,follow,49.44,104.44,54.08
106.8,30.0,-0.0,follow,49.24,104.25,26.72
106.9,30.0,-0.0,follow,48.85,103.86,51.64
107.0,30.0,-0.0,follow,48.65,103.66,35.24
107.1,30.0,-0.0,follow,48.36,103.36,25.83
107.2,30.0,-0.0,follow,47.96,102.96,33.2
107.3,30.0,-0.0,follow,47.65,102.65,35.63
107.4,30.0,-0.0,follow,47.36,102.36,31.88
107.5,30.0,-0.0,follow,47.04,102.04,20.44
107.6,30.0,-0.0,follow,46.54,101.54,23.23
107.7,30.0,-0.0,follow,46.1,101.11,25.02
107.8,30.0,-0.0,follow,45.7,100.7,25.42
107.9,30.0,-0.0,follow,45.3,100.31,28.98
108.0,30.0,-0.0,follow,44.96,99.96,25.89
108.1,30.0,-0.0,follow,44.57,99.57,19.56
108.2,30.0,-0.0,follow,44.06,99.06,26.06
108.3,30.0,-0.0,follow,43.68,98.68,26.81
108.4,30.0,-0.0,follow,43.31,98.32,26.07
108.5,30.0,-0.0,follow,42.94,97.94,28.63
108.6,30.0,-0.0,follow,42.59,97.6,26.66
108.7,30.0,-0.0,follow,42.23,97.23,24.3
108.8,30.0,-0.0,follow,41.83,96.83,21.75
108.9,30.0,-0.0,follow,41.38,96.38,16.85
109.0,30.0,-0.0,follow,40.81,95.81,22.97
109.1,30.0,-0.0,follow,40.39,95.4,21.72
109.2,30.0,-0.0,follow,39.95,94.96,21.62
109.3,30.0,-0.0,follow,39.52,94.52,16.81
109.4,30.0,-0.0,follow,38.95,93.96,17.02
109.5,30.0,-0.0,follow,38.4,93.4,23.64
109.6,30.0,-0.0,follow,38.01,93.01,19.25
109.7,30.0,-0.0,follow,37.52,92.52,21.31
109.8,30.0,-0.0,follow,37.09,92.09,18.87
109.9,30.0,-0.0,follow,36.6,91.6,18.58
110.0,30.0,-0.0,follow,36.11,91.11,21.18
110.1,30.0,-0.0,follow,35.68,90.68,16.67
110.2,30.0,-0.0,follow,35.13,90.14,17.92
110.3,30.0,-0.0,follow,34.63,89.63,16.32
110.4,30.0,-0.0,follow,34.08,89.08,16.13
110.5,30.0,-0.0,follow,33.53,88.53,16.15
110.6,30.0,-0.0,follow,32.98,87.98,17.11
110.7,30.0,-0.0,follow,32.47,87.47,15.34
110.8,30.0,-0.0,follow,31.9,86.9,19.43
110.9,30.0,-0.0,follow,31.45,86.45,14.15
111.0,30.0,-0.0,follow,30.84,85.84,15.22
111.1,30.0,-0.0,follow,30.27,85.28,14.52
111.2,30.0,-0.0,follow,29.69,84.69,18.65
111.3,30.0,-0.0,follow,29.23,84.23,15.28
111.4,30.0,-0.0,follow,28.68,83.68,16.9
111.5,30.0,-0.0,follow,28.19,83.19,12.18
111.6,30.0,-0.0,follow,27.5,82.51,14.7
111.7,30.0,-0.0,follow,26.94,81.94,15.72
111.8,30.0,-0.0,follow,26.42,81.42,13.94
111.9,30.0,-0.0,follow,25.84,80.84,15.6
112.0,30.0,-0.0,follow,25.32,80.32,12.61
112.1,30.0,-0.0,follow,24.68,79.68,15.81
112.2,30.0,-0.0,follow,24.18,79.18,17.79
112.3,30.0,-0.0,follow,23.73,78.73,12.28
112.4,30.0,-0.0,follow,23.09,78.09,11.98
112.5,30.0,-0.0,follow,22.44,77.44,14.86
112.6,30.0,-0.0,follow,21.92,76.92,14.85
112.7,30.0,-0.0,follow,21.4,76.4,11.37
112.8,30.0,-0.0,follow,20.73,75.73,11.3
112.9,30.0,-0.0,follow,20.06,75.06,11.29
113.0,30.0,-0.0,follow,19.39,74.39,9.98
113.1,30.0,-0.0,follow,18.65,73.65,10.23
113.2,30.0,-0.0,follow,17.93,72.93,9.99
113.3,30.0,-0.0,follow,17.2,72.2,10.04
113.4,30.0,-0.0,follow,16.48,71.48,10.63
113.5,30.0,-0.0,follow,15.81,70.81,10.74
113.6,30.0,-0.0,follow,15.15,70.15,12.26
113.7,30.0,-0.0,follow,14.57,69.58,9.23
113.8,30.0,-0.0,follow,13.82,68.82,11.06
113.9,30.0,-0.0,follow,13.2,68.2,9.6
114.0,30.0,-0.0,follow,12.49,67.49,9.6
114.1,30.0,-0.0,follow,11.79,66.79,10.13
114.2,30.0,-0.0,follow,11.13,66.13,8.4
114.3,30.0,-0.0,follow,10.34,65.34,9.48
114.4,30.0,-0.0,follow,9.65,64.65,9.12
114.5,30.0,-0.0,follow,8.94,63.94,9.25
114.6,30.0,-0.0,follow,8.25,63.25,8.91
114.7,30.0,-0.0,follow,7.54,62.54,11.01
114.8,30.0,-0.0,follow,6.97,61.97,7.91
114.9,30.0,-0.0,follow,6.19,61.19,7.83
115.0,30.0,-0.0,follow,5.41,60.41,7.63
115.1,30.0,-0.0,follow,4.62,59.62,7.53
115.2,30.0,-0.0,follow,3.82,58.82,7.32
115.3,30.0,-0.0,follow,3.02,58.02,8.47
115.4,30.0,-0.0,follow,2.33,57.34,8.49
115.5,30.0,-0.0,follow,1.66,56.66,6.97
115.6,30.0,-0.0,follow,0.85,55.85,6.69
115.7,30.0,-0.0,follow,0.01,55.01,7.3
115.8,30.0,-3.43,follow,-0.74,54.26,6.56
115.9,29.66,-4.87,follow,-1.02,53.47,7.44
116.0,29.17,-4.62,follow,-0.96,52.8,7.5
116.1,28.71,-4.49,follow,-0.93,52.14,6.72
116.2,28.26,-4.83,follow,-0.98,51.41,9.63
116.3,27.78,-3.67,follow,-0.75,50.92,10.72
116.4,27.41,-3.14,follow,-0.63,50.48,8.4
116.5,27.1,-3.67,follow,-0.73,49.91,8.92
116.6,26.73,-3.57,follow,-0.7,49.39,10.21
116.7,26.37,-3.16,follow,-0.62,48.94,10.87
116.8,26.06,-2.91,follow,-0.56,48.52,12.05
116.9,25.77,-2.62,follow,-0.5,48.15,16.52
117.0,25.5,-2.0,follow,-0.37,47.88,11.64
117.1,25.3,-2.48,follow,-0.46,47.49,10.88
117.2,25.06,-2.7,follow,-0.5,47.08,10.36
117.3,24.78,-2.84,follow,-0.52,46.65,11.95
117.4,24.5,-2.54,follow,-0.46,46.29,14.37
117.5,24.25,-2.14,follow,-0.37,46.0,24.77
117.6,24.03,-1.37,follow,-0.22,45.83,14.49
117.7,23.9,-1.87,follow,-0.32,45.53,17.47
117.8,23.71,-1.69,follow,-0.28,45.29,17.29
117.9,23.54,-1.66,follow,-0.27,45.04,25.89
118.0,23.37,-1.21,follow,-0.18,44.88,57.25
118.1,23.25,-0.64,follow,-0.06,44.82,17.02
118.2,23.19,-1.45,follow,-0.22,44.56,17.14
118.3,23.04,-1.6,follow,-0.25,44.32,28.71
118.4,22.88,-1.1,follow,-0.15,44.18,26.72
118.5,22.77,-1.05,follow,-0.14,44.02,50.41
118.6,22.67,-0.65,follow,-0.06,43.95,27.33
118.7,22.6,-0.94,follow,-0.11,43.79,20.15
118.8,22.51,-1.28,follow,-0.18,43.58,28.32
118.9,22.38,-1.03,follow,-0.13,43.44,37.75
119.0,22.28,-0.79,follow,-0.08,43.34,33.93
119.1,22.2,-0.8,follow,-0.08,43.22,30.04
119.2,22.12,-0.88,follow,-0.1,43.08,40.31
119.3,22.03,-0.71,follow,-0.06,42.98,44.29
119.4,21.96,-0.63,follow,-0.04,42.89,52.37
119.5,21.9,-0.54,follow,-0.02,42.82,34.09
119.6,21.84,-0.74,follow,-0.06,42.7,24.51
119.7,21.77,-1.02,follow,-0.12,42.53,27.83
119.8,21.67,-0.97,follow,-0.11,42.39,50.71
119.9,21.57,-0.61,follow,-0.04,42.32,21.07
120.0,21.51,-8.0,emergency,-0.14,42.12,2.56
120.1,20.71,-8.0,emergency,-0.5,40.56,2.49
120.2,19.91,-8.0,emergency,-0.85,39.01,2.45
120.3,19.11,-8.0,emergency,-1.16,37.5,2.42
120.4,18.31,-8.0,emergency,-1.43,36.03,2.36
120.5,17.51,-8.0,emergency,-1.68,34.58,2.3
120.6,16.71,-8.0,emergency,-1.9,33.16,2.24
120.7,15.91,-8.0,emergency,-2.1,31.76,2.21
120.8,15.11,-8.0,emergency,-2.25,30.41,2.16
120.9,14.31,-8.0,emergency,-2.38,29.08,2.11
121.0,13.51,-8.0,emergency,-2.48,27.78,2.06
121.1,12.71,-8.0,emergency,-2.55,26.51,2.09
121.2,11.91,-8.0,emergency,-2.54,25.32,2.13
121.3,11.11,-8.0,emergency,-2.45,24.21,2.18
121.4,10.31,-8.0,emergency,-2.28,23.18,2.25
121.5,9.51,-8.0,emergency,-2.03,22.23,2.47
121.6,8.71,-8.0,emergency,-1.65,21.41,2.78
121.7,7.91,-5.77,follow,-1.14,20.72,3.51
121.8,7.33,-4.14,follow,-0.81,20.19,4.62
121.9,6.92,-3.04,follow,-0.58,19.79,6.84
122.0,6.61,-2.08,follow,-0.39,19.53,13.46
122.1,6.4,-1.15,follow,-0.2,19.41,33.27
122.2,6.29,-0.53,follow,-0.07,19.36,
122.3,6.24,0.27,follow,0.09,19.44,
122.4,6.26,0.86,follow,0.2,19.6,
122.5,6.35,1.72,follow,0.37,19.89,
122.6,6.52,1.96,follow,0.41,20.19,
122.7,6.72,2.57,follow,0.53,20.6,
122.8,6.97,3.0,follow,0.66,21.12,
122.9,7.27,3.0,follow,0.79,21.7,
123.0,7.57,3.0,follow,0.88,22.24,
123.1,7.87,3.0,follow,0.97,22.78,
123.2,8.17,3.0,follow,1.18,23.44,
123.3,8.47,3.0,follow,1.27,23.98,
123.4,8.77,3.0,follow,1.35,24.51,
123.5,9.07,3.0,follow,1.56,25.17,
123.6,9.37,3.0,follow,1.75,25.81,
123.7,9.67,3.0,follow,1.93,26.44,
123.8,9.97,3.0,follow,2.22,27.18,
123.9,10.27,3.0,follow,2.51,27.92,
124.0,10.57,3.0,follow,2.77,28.63,
124.1,10.87,3.0,follow,3.01,29.32,
124.2,11.17,3.0,follow,3.39,30.15,
124.3,11.47,3.0,follow,3.78,30.99,
124.4,11.77,3.0,follow,4.15,31.81,
124.5,12.07,3.0,follow,4.66,32.77,
124.6,12.37,3.0,follow,5.0,33.56,
124.7,12.67,3.0,follow,5.34,34.35,
124.8,12.97,3.0,follow,5.74,35.2,
124.9,13.27,3.0,follow,6.21,36.12,
125.0,13.57,3.0,follow,6.72,37.08,
125.1,13.87,3.0,follow,7.22,38.03,
125.2,14.17,3.0,follow,7.78,39.04,
125.3,14.47,3.0,follow,8.24,39.95,
125.4,14.77,3.0,follow,8.92,41.08,
125.5,15.07,3.0,follow,9.5,42.11,
125.6,15.37,3.0,follow,10.2,43.26,
125.7,15.67,3.0,follow,10.86,44.37,
125.8,15.97,3.0,follow,11.55,45.51,
125.9,16.27,3.0,follow,12.27,46.68,
126.0,16.57,3.0,follow,13.0,47.86,
126.1,16.87,3.0,follow,13.77,49.08,
126.2,17.17,3.0,follow,14.62,50.38,
126.3,17.47,3.0,follow,15.39,51.6,
126.4,17.77,3.0,follow,16.22,52.89,
126.5,18.07,3.0,follow,16.96,54.07,
126.6,18.37,3.0,follow,17.8,55.36,
126.7,18.67,3.0,follow,18.42,56.43,
126.8,18.97,3.0,follow,19.24,57.7,
126.9,19.27,3.0,follow,19.86,58.77,
127.0,19.57,3.0,follow,20.32,59.68,
127.1,19.87,3.0,follow,20.9,60.71,
127.2,20.17,3.0,follow,21.37,61.63,
127.3,20.47,3.0,follow,21.95,62.66,
127.4,20.77,3.0,follow,22.36,63.52,
127.5,21.07,3.0,follow,22.76,64.37,
127.6,21.37,3.0,follow,23.0,65.07,
127.7,21.67,3.0,follow,23.35,65.86,
127.8,21.97,3.0,follow,23.48,66.44,
127.9,22.27,3.0,follow,23.66,67.07,
128.0,22.57,3.0,follow,24.02,67.88,
128.1,22.87,3.0,follow,24.35,68.67,
128.2,23.17,3.0,follow,24.63,69.39,
128.3,23.47,3.0,follow,24.74,69.95,
128.4,23.77,3.0,follow,24.91,70.57,
128.5,24.07,3.0,follow,25.05,71.16,
128.6,24.37,3.0,follow,25.06,71.62,
128.7,24.67,3.0,follow,25.28,72.29,
128.8,24.97,3.0,follow,25.41,72.87,
128.9,25.27,3.0,follow,25.41,73.32,
129.0,25.57,3.0,follow,25.41,73.77,
129.1,25.87,3.0,follow,25.39,74.2,
129.2,26.17,3.0,follow,25.14,74.4,
129.3,26.47,3.0,follow,25.02,74.73,
129.4,26.77,3.0,follow,24.83,74.99,
129.5,27.07,3.0,follow,24.58,75.19,
129.6,27.37,3.0,follow,24.37,75.43,
129.7,27.67,3.0,follow,24.32,75.83,
129.8,27.97,3.0,follow,24.13,76.09,
129.9,28.27,3.0,follow,23.8,76.21,
130.0,28.57,3.0,cruise,,,
130.1,28.87,3.0,cruise,,,
130.2,29.17,3.0,cruise,,,
130.3,29.47,2.63,cruise,,,
130.4,29.74,1.32,cruise,,,
130.5,29.87,0.66,cruise,,,
130.6,29.93,0.33,cruise,,,
130.7,29.97,0.16,cruise,,,
130.8,29.98,0.08,cruise,,,
130.9,29.99,0.04,cruise,,,
131.0,30.0,0.02,cruise,,,
131.1,30.0,0.01,cruise,,,
131.2,30.0,0.01,cruise,,,
131.3,30.0,0.0,cruise,,,
131.4,30.0,0.0,cruise,,,
131.5,30.0,0.0,cruise,,,
131.6,30.0,0.0,cruise,,,
131.7,30.0,0.0,cruise,,,
131.8,30.0,0.0,cruise,,,
131.9,30.0,0.0,cruise,,,
132.0,30.0,0.0,cruise,,,
132.1,30.0,0.0,cruise,,,
132.2,30.0,0.0,cruise,,,
132.3,30.0,0.0,cruise,,,
132.4,30.0,0.0,cruise,,,
132.5,30.0,0.0,cruise,,,
132.6,30.0,-0.0,cruise,,,
132.7,30.0,-0.0,cruise,,,
132.8,30.0,-0.0,cruise,,,
132.9,30.0,-0.0,cruise,,,
133.0,30.0,-0.0,cruise,,,
133.1,30.0,-0.0,cruise,,,
133.2,30.0,-0.0,cruise,,,
133.3,30.0,-0.0,cruise,,,
133.4,30.0,-0.0,cruise,,,
133.5,30.0,-0.0,cruise,,,
133.6,30.0,-0.0,cruise,,,
133.7,30.0,-0.0,cruise,,,
133.8,30.0,-0.0,cruise,,,
133.9,30.0,-0.0,cruise,,,
134.0,30.0,-0.0,cruise,,,
134.1,30.0,-0.0,cruise,,,
134.2,30.0,-0.0,cruise,,,
134.3,30.0,-0.0,cruise,,,
134.4,30.0,-0.0,cruise,,,
134.5,30.0,-0.0,cruise,,,
134.6,30.0,-0.0,cruise,,,
134.7,30.0,-0.0,cruise,,,
134.8,30.0,-0.0,cruise,,,
134.9,30.0,-0.0,cruise,,,
135.0,30.0,-0.0,cruise,,,
135.1,30.0,-0.0,cruise,,,
135.2,30.0,-0.0,cruise,,,
135.3,30.0,-0.0,cruise,,,
135.4,30.0,-0.0,cruise,,,
135.5,30.0,-0.0,cruise,,,
135.6,30.0,-0.0,cruise,,,
135.7,30.0,-0.0,cruise,,,
135.8,30.0,-0.0,cruise,,,
135.9,30.0,-0.0,cruise,,,
136.0,30.0,-0.0,cruise,,,
136.1,30.0,-0.0,cruise,,,
136.2,30.0,-0.0,cruise,,,
136.3,30.0,-0.0,cruise,,,
136.4,30.0,-0.0,cruise,,,
136.5,30.0,-0.0,cruise,,,
136.6,30.0,-0.0,cruise,,,
136.7,30.0,-0.0,cruise,,,
136.8,30.0,-0.0,cruise,,,
136.9,30.0,-0.0,cruise,,,
137.0,30.0,-0.0,cruise,,,
137.1,30.0,-0.0,cruise,,,
137.2,30.0,-0.0,cruise,,,
137.3,30.0,-0.0,cruise,,,
137.4,30.0,-0.0,cruise,,,
137.5,30.0,-0.0,cruise,,,
137.6,30.0,-0.0,cruise,,,
137.7,30.0,-0.0,cruise,,,
137.8,30.0,-0.0,cruise,,,
137.9,30.0,-0.0,cruise,,,
138.0,30.0,-0.0,cruise,,,
138.1,30.0,-0.0,cruise,,,
138.2,30.0,-0.0,cruise,,,
138.3,30.0,-0.0,cruise,,,
138.4,30.0,-0.0,cruise,,,
138.5,30.0,-0.0,cruise,,,
138.6,30.0,-0.0,cruise,,,
138.7,30.0,-0.0,cruise,,,
138.8,30.0,-0.0,cruise,,,
138.9,30.0,-0.0,cruise,,,
139.0,30.0,-0.0,cruise,,,
139.1,30.0,-0.0,cruise,,,
139.2,30.0,-0.0,cruise,,,
139.3,30.0,-0.0,cruise,,,
139.4,30.0,-0.0,cruise,,,
139.5,30.0,-0.0,cruise,,,
139.6,30.0,-0.0,cruise,,,
139.7,30.0,-0.0,cruise,,,
139.8,30.0,-0.0,cruise,,,
139.9,30.0,-0.0,cruise,,,
140.0,30.0,-0.0,cruise,,,
140.1,30.0,-0.0,cruise,,,
140.2,30.0,-0.0,cruise,,,
140.3,30.0,-0.0,cruise,,,
140.4,30.0,-0.0,cruise,,,
140.5,30.0,-0.0,cruise,,,
140.6,30.0,-0.0,cruise,,,
140.7,30.0,-0.0,cruise,,,
140.8,30.0,-0.0,cruise,,,
140.9,30.0,-0.0,cruise,,,
141.0,30.0,-0.0,cruise,,,
141.1,30.0,-0.0,cruise,,,
141.2,30.0,-0.0,cruise,,,
141.3,30.0,-0.0,cruise,,,
141.4,30.0,-0.0,cruise,,,
141.5,30.0,-0.0,cruise,,,
141.6,30.0,-0.0,cruise,,,
141.7,30.0,-0.0,cruise,,,
141.8,30.0,-0.0,cruise,,,
141.9,30.0,-0.0,cruise,,,
142.0,30.0,-0.0,cruise,,,
142.1,30.0,-0.0,cruise,,,
142.2,30.0,-0.0,cruise,,,
142.3,30.0,-0.0,cruise,,,
142.4,30.0,-0.0,cruise,,,
142.5,30.0,-0.0,cruise,,,
142.6,30.0,-0.0,cruise,,,
142.7,30.0,-0.0,cruise,,,
142.8,30.0,-0.0,cruise,,,
142.9,30.0,-0.0,cruise,,,
143.0,30.0,-0.0,cruise,,,
143.1,30.0,-0.0,cruise,,,
143.2,30.0,-0.0,cruise,,,
143.3,30.0,-0.0,cruise,,,
143.4,30.0,-0.0,cruise,,,
143.5,30.0,-0.0,cruise,,,
143.6,30.0,-0.0,cruise,,,
143.7,30.0,-0.0,cruise,,,
143.8,30.0,-0.0,cruise,,,
143.9,30.0,-0.0,cruise,,,
144.0,30.0,-0.0,cruise,,,
144.1,30.0,-0.0,cruise,,,
144.2,30.0,-0.0,cruise,,,
144.3,30.0,-0.0,cruise,,,
144.4,30.0,-0.0,cruise,,,
144.5,30.0,-0.0,cruise,,,
144.6,30.0,-0.0,cruise,,,
144.7,30.0,-0.0,cruise,,,
144.8,30.0,-0.0,cruise,,,
144.9,30.0,-0.0,cruise,,,
145.0,30.0,-0.0,cruise,,,
145.1,30.0,-0.0,cruise,,,
145.2,30.0,-0.0,cruise,,,
145.3,30.0,-0.0,cruise,,,
145.4,30.0,-0.0,cruise,,,
145.5,30.0,-0.0,cruise,,,
145.6,30.0,-0.0,cruise,,,
145.7,30.0,-0.0,cruise,,,
145.8,30.0,-0.0,cruise,,,
145.9,30.0,-0.0,cruise,,,
146.0,30.0,-0.0,cruise,,,
146.1,30.0,-0.0,cruise,,,
146.2,30.0,-0.0,cruise,,,
146.3,30.0,-0.0,cruise,,,
146.4,30.0,-0.0,cruise,,,
146.5,30.0,-0.0,cruise,,,
146.6,30.0,-0.0,cruise,,,
146.7,30.0,-0.0,cruise,,,
146.8,30.0,-0.0,cruise,,,
146.9,30.0,-0.0,cruise,,,
147.0,30.0,-0.0,cruise,,,
147.1,30.0,-0.0,cruise,,,
147.2,30.0,-0.0,cruise,,,
147.3,30.0,-0.0,cruise,,,
147.4,30.0,-0.0,cruise,,,
147.5,30.0,-0.0,cruise,,,
147.6,30.0,-0.0,cruise,,,
147.7,30.0,-0.0,cruise,,,
147.8,30.0,-0.0,cruise,,,
147.9,30.0,-0.0,cruise,,,
148.0,30.0,-0.0,cruise,,,
148.1,30.0,-0.0,cruise,,,
148.2,30.0,-0.0,cruise,,,
148.3,30.0,-0.0,cruise,,,
148.4,30.0,-0.0,cruise,,,
148.5,30.0,-0.0,cruise,,,
148.6,30.0,-0.0,cruise,,,
148.7,30.0,-0.0,cruise,,,
148.8,30.0,-0.0,cruise,,,
148.9,30.0,-0.0,cruise,,,
149.0,30.0,-0.0,cruise,,,
149.1,30.0,-0.0,cruise,,,
149.2,30.0,-0.0,cruise,,,
149.3,30.0,-0.0,cruise,,,
149.4,30.0,-0.0,cruise,,,
149.5,30.0,-0.0,cruise,,,
149.6,30.0,-0.0,cruise,,,
149.7,30.0,-0.0,cruise,,,
149.8,30.0,-0.0,cruise,,,
149.9,30.0,-0.0,cruise,,,
150.0,30.0,-0.0,cruise,,,
